"","nflId","defensiveTeam","tackles","missedTackles","plays","xMT_season","MTOE_season","displayName","position"
"1",54502,"HOU",54,19,352,8.1,10.9,"Jalen Pitre","FS"
"2",44926,"JAX",52,16,411,9.1,6.9,"Rayshawn Jenkins","SS"
"3",47996,"DAL",54,13,347,7,6,"Donovan Wilson","SS"
"4",47913,"LAC",63,13,320,7.6,5.4,"Drue Tranquill","ILB"
"5",52663,"NYG",36,11,275,6.1,4.9,"Tae Crowder","ILB"
"6",46527,"CAR",44,12,316,7.2,4.8,"Frankie Luvu","ILB"
"7",53609,"SF",40,11,296,6.4,4.6,"Talanoa Hufanga","SS"
"8",44825,"PHI",14,9,237,4.6,4.4,"Haason Reddick","OLB"
"9",53447,"MIA",26,10,315,6.1,3.9,"Jaelan Phillips","OLB"
"10",53611,"ATL",16,7,204,3.3,3.7,"Adetokunbo Ogundeji","OLB"
"11",54514,"NO",12,6,136,2.6,3.4,"Alontae Taylor","CB"
"12",43306,"TB",36,8,223,4.8,3.2,"Keanu Neal","FS"
"13",45395,"PIT",27,7,203,3.8,3.2,"Arthur Maulet","CB"
"14",47804,"GB",30,9,381,5.9,3.1,"Darnell Savage","SS"
"15",54513,"CHI",51,11,408,7.9,3.1,"Jaquan Brisker","SS"
"16",43503,"MIA",51,9,280,6.1,2.9,"Elandon Roberts","ILB"
"17",46186,"NYJ",46,10,416,7.1,2.9,"Jordan Whitehead","SS"
"18",47888,"PHI",41,10,333,7.1,2.9,"Chauncey Gardner-Johnson","SS"
"19",52547,"LV",13,7,199,4.1,2.9,"Amik Robertson","CB"
"20",53445,"ARI",63,13,418,10.1,2.9,"Zaven Collins","OLB"
"21",53674,"PIT",18,6,148,3.2,2.8,"Tre Norwood","FS"
"22",54540,"HOU",13,6,123,3.2,2.8,"Christian Harris","ILB"
"23",41257,"NO",19,7,242,4.3,2.7,"Bradley Roby","CB"
"24",44873,"SEA",24,7,229,4.3,2.7,"Josh Jones","FS"
"25",46194,"PHI",25,7,210,4.4,2.6,"Avonte Maddox","CB"
"26",46304,"IND",83,12,417,9.4,2.6,"Zaire Franklin","OLB"
"27",48026,"LA",34,9,345,6.4,2.6,"Nick Scott","SS"
"28",53481,"CLE",40,8,213,5.4,2.6,"Jeremiah Owusu-Koramoah","OLB"
"29",54586,"NE",24,7,213,4.4,2.6,"Jack Jones","CB"
"30",35470,"HOU",11,7,226,4.5,2.5,"Jerry Hughes","DE"
"31",46456,"JAX",25,9,302,6.5,2.5,"Darious Williams","CB"
"32",52462,"BUF",2,5,119,2.5,2.5,"A.J. Epenesa","DE"
"33",52469,"TEN",33,9,322,6.5,2.5,"Kristian Fulton","CB"
"34",47881,"NYJ",48,9,261,6.6,2.4,"Quincy Williams","OLB"
"35",44903,"CLE",38,9,342,6.7,2.3,"John Johnson","FS"
"36",47974,"PHI",45,8,349,5.7,2.3,"Marcus Epps","SS"
"37",54523,"ATL",27,6,127,3.7,2.3,"Troy Andersen","ILB"
"38",42381,"GB",25,8,306,5.8,2.2,"Preston Smith","OLB"
"39",45643,"TEN",24,6,141,3.8,2.2,"Dylan Cole","ILB"
"40",47929,"DET",31,7,237,4.8,2.2,"Amani Oruwariye","CB"
"41",52424,"ATL",28,8,273,5.8,2.2,"A.J. Terrell","CB"
"42",44848,"ARI",70,11,426,8.8,2.2,"Budda Baker","SS"
"43",42395,"BUF",8,4,121,1.9,2.1,"Jordan Phillips","DE"
"44",46127,"ATL",17,5,117,2.9,2.1,"Isaiah Oliver","CB"
"45",53542,"DET",23,4,98,1.9,2.1,"Derrick Barnes","ILB"
"46",47810,"LV",48,9,310,6.9,2.1,"Johnathan Abram","SS"
"47",53505,"NO",30,7,216,4.9,2.1,"Paulson Adebo","CB"
"48",52472,"CAR",19,5,160,3,2,"Jeremy Chinn","FS"
"49",54625,"LAC",12,4,105,2,2,"Otito Ogbonnia","DT"
"50",47882,"TB",52,10,372,8.1,1.9,"Mike Edwards","FS"
"51",52471,"KC",28,6,135,4.1,1.9,"Willie Gay","OLB"
"52",54574,"SEA",37,8,268,6.1,1.9,"Coby Bryant","CB"
"53",47862,"LA",13,4,104,2.1,1.9,"David Long","CB"
"54",43407,"CAR",17,4,136,2.2,1.8,"Juston Burris","SS"
"55",47938,"NE",20,5,111,3.2,1.8,"Mack Wilson","OLB"
"56",42391,"LV",38,7,177,5.3,1.7,"Denzel Perryman","ILB"
"57",53581,"DEN",21,5,182,3.3,1.7,"Caden Sterns","FS"
"58",53602,"GB",13,4,131,2.4,1.6,"Tedarrell Slaton","DT"
"59",53642,"WAS",13,4,126,2.4,1.6,"Rachad Wildgoose","CB"
"60",43387,"DEN",23,6,202,4.4,1.6,"Justin Simmons","FS"
"61",37097,"NO",31,6,290,4.5,1.5,"Cameron Jordan","DE"
"62",42441,"HOU",32,9,371,7.5,1.5,"Steven Nelson","CB"
"63",43404,"GB",63,9,324,7.5,1.5,"De'Vondre Campbell","ILB"
"64",46137,"KC",35,9,348,7.5,1.5,"Justin Reid","SS"
"65",46354,"SF",19,5,172,3.5,1.5,"Emmanuel Moseley","CB"
"66",47889,"LV",40,8,368,6.5,1.5,"Maxx Crosby","DE"
"67",53564,"TEN",7,5,212,3.5,1.5,"Rashad Weaver","OLB"
"68",44925,"CHI",64,10,404,8.6,1.4,"Eddie Jackson","SS"
"69",46124,"CAR",30,7,277,5.6,1.4,"Donte Jackson","CB"
"70",54533,"CLE",34,7,245,5.6,1.4,"Martin Emerson","CB"
"71",46199,"PHI",21,5,223,3.6,1.4,"Josh Sweat","DE"
"72",46312,"MIA",8,3,93,1.7,1.3,"Keion Crossen","CB"
"73",42488,"WAS",42,7,365,5.7,1.3,"Bobby McCain","FS"
"74",52647,"BUF",28,7,283,5.7,1.3,"Dane Jackson","CB"
"75",54466,"JAX",30,7,347,5.7,1.3,"Travon Walker","OLB"
"76",54568,"KC",10,4,103,2.7,1.3,"Leo Chenal","OLB"
"77",54622,"TB",10,4,108,2.8,1.2,"Zyon McCollum","CB"
"78",54492,"JAX",66,12,403,10.8,1.2,"Devin Lloyd","ILB"
"79",42331,"WAS",12,4,147,2.9,1.1,"Efe Obada","DE"
"80",47964,"BUF",24,4,153,2.9,1.1,"Jaquan Johnson","FS"
"81",42929,"DEN",62,8,232,6.9,1.1,"Alex Singleton","OLB"
"82",46249,"JAX",15,4,157,3,1,"Folorunso Fatukasi","DT"
"83",47799,"CAR",31,7,382,6,1,"Brian Burns","OLB"
"84",53641,"BUF",50,6,274,5,1,"Damar Hamlin","SS"
"85",54600,"KC",13,3,96,2,1,"Joshua Williams","CB"
"86",42388,"MIN",65,10,383,9.1,0.9,"Eric Kendricks","ILB"
"87",44830,"NYG",41,7,321,6.1,0.9,"Adoree' Jackson","CB"
"88",47934,"MIA",14,3,94,2.1,0.9,"Andrew Van Ginkel","OLB"
"89",52498,"HOU",6,3,112,2.1,0.9,"Jonathan Greenard","DE"
"90",41464,"SEA",19,4,194,3.2,0.8,"Shelby Harris","DE"
"91",44929,"NYJ",10,4,249,3.2,0.8,"Carl Lawson","DE"
"92",46771,"ATL",10,3,123,2.2,0.8,"Abdullah Anderson","DE"
"93",54580,"DEN",27,7,218,6.2,0.8,"Damarri Mathis","CB"
"94",40017,"NO",40,8,397,7.3,0.7,"Tyrann Mathieu","FS"
"95",42406,"KC",12,5,221,4.3,0.7,"Frank Clark","DE"
"96",42470,"CAR",26,4,154,3.3,0.7,"Damien Wilson","MLB"
"97",46669,"HOU",64,7,329,6.3,0.7,"Jonathan Owens","FS"
"98",47855,"CIN",57,7,274,6.3,0.7,"Germaine Pratt","OLB"
"99",54488,"BUF",35,6,264,5.3,0.7,"Kaiir Elam","CB"
"100",54708,"KC",28,7,254,6.3,0.7,"Jaylen Watson","CB"
"101",46255,"NYJ",5,2,97,1.3,0.7,"Jake Martin","DE"
"102",52980,"DET",15,3,113,2.4,0.6,"Juju Hughes","FS"
"103",54479,"BAL",21,3,146,2.4,0.6,"Kyle Hamilton","FS"
"104",41270,"NYJ",34,6,420,5.4,0.6,"Lamarcus Joyner","SS"
"105",43641,"CIN",35,6,258,5.4,0.6,"Mike Hilton","CB"
"106",44911,"GB",38,7,298,6.4,0.6,"Rasul Douglas","CB"
"107",45345,"CHI",59,10,408,9.4,0.6,"Nicholas Morrow","OLB"
"108",52436,"BAL",53,9,377,8.4,0.6,"Patrick Queen","ILB"
"109",52505,"CLE",43,6,227,5.4,0.6,"Jacob Phillips","MLB"
"110",54504,"CHI",45,9,404,8.4,0.6,"Kyler Gordon","CB"
"111",42431,"MIN",29,6,320,5.5,0.5,"Danielle Hunter","OLB"
"112",42543,"SEA",39,7,428,6.5,0.5,"Quandre Diggs","FS"
"113",43299,"CIN",20,6,298,5.5,0.5,"Eli Apple","CB"
"114",43478,"DAL",34,9,384,8.5,0.5,"Anthony Brown","CB"
"115",46700,"JAX",15,2,102,1.5,0.5,"Tre Herndon","CB"
"116",41263,"DAL",31,5,226,4.6,0.4,"Demarcus Lawrence","DE"
"117",44964,"HOU",34,5,236,4.6,0.4,"Desmond King","CB"
"118",54495,"KC",16,5,252,4.6,0.4,"George Karlaftis","DE"
"119",41363,"BAL",9,2,98,1.6,0.4,"Brent Urban","DE"
"120",44867,"MIN",16,4,222,3.6,0.4,"Dalvin Tomlinson","DT"
"121",44880,"JAX",5,3,133,2.6,0.4,"Dawuane Smoot","DE"
"122",46141,"NYJ",11,3,137,2.6,0.4,"Nathan Shepherd","DT"
"123",48027,"NO",15,3,123,2.6,0.4,"Kaden Elliss","OLB"
"124",52272,"ATL",13,2,102,1.6,0.4,"Dee Alford","CB"
"125",35459,"DEN",51,9,384,8.7,0.300000000000001,"Kareem Jackson","SS"
"126",47900,"DET",5,2,90,1.7,0.3,"Austin Bryant","OLB"
"127",33131,"BAL",18,4,237,3.7,0.3,"Calais Campbell","DE"
"128",38592,"ATL",16,5,253,4.7,0.3,"Casey Hayward","CB"
"129",47811,"LAC",7,3,140,2.7,0.3,"Jerry Tillery","DT"
"130",52506,"BAL",23,4,169,3.7,0.3,"Malik Harrison","OLB"
"131",53601,"SF",25,5,228,4.7,0.3,"Deommodore Lenoir","CB"
"132",54560,"CIN",18,4,189,3.7,0.3,"Zach Carter","DT"
"133",54606,"BAL",20,3,129,2.7,0.3,"Damarion Williams","CB"
"134",54653,"DET",43,6,262,5.7,0.3,"Malcolm Rodriguez","ILB"
"135",42390,"MIA",27,4,133,3.8,0.2,"Eric Rowe","SS"
"136",43497,"HOU",38,6,228,5.8,0.2,"Kamu Grugier-Hill","ILB"
"137",46073,"CLE",20,4,193,3.8,0.2,"Denzel Ward","CB"
"138",46188,"PHI",53,7,257,6.8,0.2,"Kyzir White","ILB"
"139",47800,"NYG",24,5,283,4.8,0.2,"Dexter Lawrence","DT"
"140",52578,"BAL",21,3,182,2.8,0.2,"Broderick Washington","DT"
"141",53448,"WAS",43,7,302,6.8,0.2,"Jamin Davis","OLB"
"142",42346,"DAL",10,2,119,1.8,0.2,"Dante Fowler","OLB"
"143",42901,"ATL",8,2,102,1.8,0.2,"Dean Marlowe","SS"
"144",53547,"LAC",5,2,102,1.8,0.2,"Chris Rumph","OLB"
"145",46269,"JAX",85,11,415,10.8,0.199999999999999,"Foyesade Oluokun","ILB"
"146",43313,"WAS",15,2,124,1.9,0.1,"William Jackson","CB"
"147",52594,"LAC",14,2,95,1.9,0.1,"Alohi Gilman","SS"
"148",53073,"TEN",14,3,168,2.9,0.1,"Teair Tart","DT"
"149",55032,"NYG",14,2,92,1.9,0.1,"Tomon Fox","OLB"
"150",42368,"CAR",66,9,415,8.9,0.0999999999999996,"Shaq Thompson","ILB"
"151",46117,"SEA",33,6,334,5.9,0.0999999999999996,"Uchenna Nwosu","OLB"
"152",37145,"BAL",4,1,111,1,0,"Justin Houston","OLB"
"153",42433,"NE",5,2,101,2,0,"Carl Davis","NT"
"154",43409,"NO",12,4,242,4,0,"David Onyemata","DT"
"155",43411,"LV",18,4,216,4,0,"Andrew Billings","DT"
"156",44902,"JAX",30,5,232,5,0,"Shaquill Griffin","CB"
"157",46097,"PIT",31,5,319,5,0,"Terrell Edmunds","SS"
"158",46846,"TEN",19,3,133,3,0,"Joshua Kalu","FS"
"159",47971,"TEN",61,9,354,9,0,"David Long","ILB"
"160",52478,"MIA",47,6,250,6,0,"Brandon Jones","SS"
"161",53460,"BAL",24,5,289,5,0,"Odafe Oweh","OLB"
"162",53483,"IND",8,2,129,2,0,"Dayo Odeyingbo","DE"
"163",44851,"NO",32,4,269,4.1,-0.0999999999999996,"Marcus Maye","FS"
"164",46175,"DEN",35,5,164,5.1,-0.0999999999999996,"Josey Jewell","ILB"
"165",52435,"SEA",84,10,428,10.1,-0.0999999999999996,"Jordyn Brooks","ILB"
"166",53469,"ATL",61,8,459,8.1,-0.0999999999999996,"Richie Grant","SS"
"167",53489,"NO",73,8,340,8.1,-0.0999999999999996,"Pete Werner","OLB"
"168",53501,"DET",11,4,281,4.1,-0.0999999999999996,"Alim McNeill","NT"
"169",54778,"CHI",17,2,114,2.1,-0.1,"Jaylon Jones","CB"
"170",48516,"PHI",74,8,342,8.2,-0.199999999999999,"T.J. Edwards","ILB"
"171",43301,"NYJ",21,4,226,4.2,-0.2,"Sheldon Rankins","DT"
"172",43332,"LAC",20,4,202,4.2,-0.2,"Austin Johnson","NT"
"173",43352,"JAX",8,2,112,2.2,-0.2,"Adam Gotsis","DE"
"174",43354,"TB",12,2,107,2.2,-0.2,"Carl Nassib","OLB"
"175",44877,"PIT",18,3,205,3.2,-0.2,"Larry Ogunjobi","DT"
"176",46074,"DEN",21,5,269,5.2,-0.2,"Bradley Chubb","OLB"
"177",46232,"BUF",6,2,145,2.2,-0.2,"Tim Settle","DT"
"178",46775,"LAC",14,3,167,3.2,-0.2,"J.C. Jackson","CB"
"179",53577,"ATL",28,4,293,4.2,-0.2,"Ta'Quon Graham","DE"
"180",54650,"BUF",10,2,141,2.2,-0.2,"Christian Benford","CB"
"181",38548,"MIA",13,3,203,3.3,-0.3,"Melvin Ingram","OLB"
"182",38551,"LV",16,5,309,5.3,-0.3,"Chandler Jones","DE"
"183",41336,"NYG",12,2,129,2.3,-0.3,"Justin Ellis","DT"
"184",43797,"CAR",26,4,181,4.3,-0.3,"Cory Littleton","OLB"
"185",46229,"HOU",11,2,125,2.3,-0.3,"Ogbonnia Okoronkwo","DE"
"186",47890,"TB",11,2,150,2.3,-0.3,"Anthony Nelson","OLB"
"187",54562,"DET",25,3,220,3.3,-0.3,"Kerby Joseph","SS"
"188",54579,"NYG",16,2,108,2.3,-0.3,"Dane Belton","FS"
"189",37841,"HOU",3,1,91,1.4,-0.4,"Mario Addison","DE"
"190",44869,"TEN",22,3,132,3.4,-0.4,"Zach Cunningham","ILB"
"191",45226,"CIN",11,2,136,2.4,-0.4,"Josh Tupou","NT"
"192",46387,"LV",9,2,128,2.4,-0.4,"Kendal Vickers","DT"
"193",48032,"ARI",12,2,122,2.4,-0.4,"Michael Dogbe","DE"
"194",48198,"SEA",16,2,142,2.4,-0.4,"Bryan Mone","NT"
"195",52641,"WAS",11,2,122,2.4,-0.4,"Casey Toohill","DE"
"196",43358,"IND",11,4,286,4.4,-0.4,"Yannick Ngakoue","DE"
"197",40039,"LV",36,6,368,6.5,-0.5,"Duron Harmon","SS"
"198",43420,"LV",20,2,93,2.5,-0.5,"Blake Martinez","ILB"
"199",43787,"JAX",26,4,268,4.5,-0.5,"Roy Robertson-Harris","DT"
"200",44862,"NO",22,3,197,3.5,-0.5,"Justin Evans","SS"
"201",44872,"CIN",36,5,327,5.5,-0.5,"Chidobe Awuzie","CB"
"202",44938,"SF",21,3,206,3.5,-0.5,"Samson Ebukam","DE"
"203",46144,"KC",14,3,157,3.5,-0.5,"Derrick Nnadi","DT"
"204",46151,"DET",17,1,94,1.5,-0.5,"Tracy Walker","FS"
"205",47802,"TEN",22,5,289,5.5,-0.5,"Jeffery Simmons","DT"
"206",47846,"KC",31,6,354,6.5,-0.5,"Juan Thornhill","FS"
"207",52479,"BAL",19,3,235,3.5,-0.5,"Justin Madubuike","DT"
"208",52538,"MIN",8,1,102,1.5,-0.5,"James Lynch","NT"
"209",52743,"DET",4,1,96,1.5,-0.5,"Benito Jones","DT"
"210",54573,"CLE",5,1,91,1.5,-0.5,"Perrion Winfrey","DT"
"211",44906,"PIT",20,4,290,4.6,-0.6,"Cameron Sutton","CB"
"212",53509,"LV",73,7,340,7.6,-0.6,"Divine Deablo","OLB"
"213",46187,"LV",13,2,170,2.6,-0.6,"Anthony Averett","CB"
"214",52456,"SEA",9,3,194,3.6,-0.6,"Darrell Taylor","OLB"
"215",52525,"MIN",13,2,156,2.6,-0.6,"D.J. Wonnum","OLB"
"216",52585,"KC",7,1,94,1.6,-0.6,"Michael Danna","DE"
"217",53513,"DAL",5,1,99,1.6,-0.6,"Chauncey Golston","DE"
"218",42361,"BAL",23,6,318,6.7,-0.7,"Marcus Peters","CB"
"219",42393,"DEN",14,3,190,3.7,-0.7,"Ronald Darby","CB"
"220",42443,"CHI",15,3,209,3.7,-0.7,"Angelo Blackson","DT"
"221",46146,"CIN",33,5,326,5.7,-0.7,"Sam Hubbard","DE"
"222",52416,"ARI",40,6,299,6.7,-0.7,"Isaiah Simmons","DB"
"223",54487,"GB",57,5,284,5.7,-0.7,"Quay Walker","ILB"
"224",42935,"LAC",22,4,205,4.8,-0.8,"Bryce Callahan","CB"
"225",43351,"PHI",23,6,347,6.8,-0.8,"James Bradberry","CB"
"226",44813,"CLE",11,3,247,3.8,-0.8,"Myles Garrett","DE"
"227",46133,"IND",12,2,192,2.8,-0.8,"Tyquan Lewis","DE"
"228",53533,"BAL",15,2,143,2.8,-0.8,"Brandon Stephens","FS"
"229",54936,"MIA",36,5,251,5.8,-0.8,"Kader Kohou","CB"
"230",52697,"PIT",13,1,105,1.8,-0.8,"James Pierre","CB"
"231",54526,"SF",8,1,102,1.8,-0.8,"Drake Jackson","DE"
"232",54643,"WAS",7,1,100,1.8,-0.8,"John Ridgeway","DT"
"233",42031,"TEN",10,3,239,3.9,-0.9,"Denico Autry","DE"
"234",44871,"NO",13,1,110,1.9,-0.9,"Tanoh Kpassagnon","DE"
"235",47792,"BUF",9,1,102,1.9,-0.9,"Ed Oliver","DT"
"236",47864,"DET",23,2,153,2.9,-0.9,"Will Harris","SS"
"237",52438,"MIA",9,1,129,1.9,-0.9,"Noah Igbinoghene","CB"
"238",52445,"NE",23,2,171,2.9,-0.9,"Kyle Dugger","FS"
"239",52792,"KC",7,1,98,1.9,-0.9,"Tershawn Wharton","DT"
"240",53450,"IND",19,2,181,2.9,-0.9,"Kwity Paye","DE"
"241",53595,"CAR",14,1,123,1.9,-0.9,"Keith Taylor","CB"
"242",54529,"DEN",5,1,92,1.9,-0.9,"Nik Bonitto","OLB"
"243",54543,"CLE",14,2,176,2.9,-0.9,"Alex Wright","DE"
"244",54704,"IND",23,2,246,2.9,-0.9,"Rodney Thomas","FS"
"245",43441,"CAR",18,4,305,4.9,-0.9,"Matt Ioannidis","DT"
"246",44999,"BAL",54,6,401,6.9,-0.9,"Chuck Clark","SS"
"247",46307,"MIA",29,5,313,5.9,-0.9,"Zach Sieler","DT"
"248",47795,"GB",24,4,269,4.9,-0.9,"Rashan Gary","OLB"
"249",53437,"CAR",26,5,337,5.9,-0.9,"Jaycee Horn","CB"
"250",53461,"TB",18,4,291,4.9,-0.9,"Joe Tryon","OLB"
"251",53596,"LV",37,4,222,4.9,-0.9,"Nate Hobbs","CB"
"252",39997,"LV",9,1,93,2,-1,"Johnathan Hankins","NT"
"253",43335,"LA",34,3,232,4,-1,"A'Shawn Robinson","DT"
"254",44893,"NYG",29,3,211,4,-1,"Fabian Moreau","CB"
"255",44904,"DAL",25,3,212,4,-1,"Jourdan Lewis","CB"
"256",47944,"SF",8,1,161,2,-1,"Charles Omenihu","DE"
"257",52417,"CAR",32,3,251,4,-1,"C.J. Henderson","CB"
"258",53490,"BUF",7,1,108,2,-1,"Carlos Basham","DE"
"259",53565,"ARI",36,7,394,8,-1,"Marco Wilson","CB"
"260",53583,"NYJ",29,4,257,5,-1,"Michael Carter","CB"
"261",53621,"DAL",9,1,127,2,-1,"Quinton Bohanna","DT"
"262",37075,"BUF",9,3,224,4.1,-1.1,"Von Miller","OLB"
"263",40166,"BUF",21,3,211,4.1,-1.1,"Jordan Poyer","SS"
"264",43378,"PHI",20,3,216,4.1,-1.1,"Javon Hargrave","DT"
"265",46264,"LAC",28,4,250,5.1,-1.1,"Sebastian Joseph","NT"
"266",47817,"LV",31,5,324,6.1,-1.1,"Rock Ya-Sin","CB"
"267",35449,"PIT",8,1,128,2.1,-1.1,"Tyson Alualu","NT"
"268",35452,"PHI",12,1,127,2.1,-1.1,"Brandon Graham","DE"
"269",43308,"BUF",9,2,114,3.1,-1.1,"Shaq Lawson","DE"
"270",45038,"CLE",13,1,98,2.1,-1.1,"Isaac Rochell","DE"
"271",53459,"BUF",14,2,187,3.1,-1.1,"Gregory Rousseau","DE"
"272",53540,"CIN",7,1,130,2.1,-1.1,"Cam Sample","DE"
"273",41227,"CLE",10,1,128,2.2,-1.2,"Jadeveon Clowney","DE"
"274",42403,"DEN",8,1,103,2.2,-1.2,"Randy Gregory","DE"
"275",43700,"NE",21,3,269,4.2,-1.2,"Jonathan Jones","CB"
"276",46156,"JAX",7,1,129,2.2,-1.2,"Arden Key","OLB"
"277",46190,"BUF",47,6,329,7.2,-1.2,"Taron Johnson","CB"
"278",46211,"NYJ",40,5,420,6.2,-1.2,"D.J. Reed","CB"
"279",52637,"WAS",16,2,207,3.2,-1.2,"James Smith-Williams","DE"
"280",53561,"CLE",6,1,119,2.2,-1.2,"Tommy Togiai","DT"
"281",54525,"CIN",10,1,109,2.2,-1.2,"Cam Taylor-Britt","CB"
"282",55173,"ATL",9,1,129,2.2,-1.2,"Timmy Horne","DT"
"283",41231,"LAC",20,3,288,4.3,-1.3,"Khalil Mack","OLB"
"284",42816,"LA",17,1,128,2.3,-1.3,"Troy Hill","CB"
"285",43327,"MIA",24,5,354,6.3,-1.3,"Xavien Howard","CB"
"286",43333,"NYG",22,3,240,4.3,-1.3,"Jihad Ward","OLB"
"287",44887,"MIA",28,2,129,3.3,-1.3,"Duke Riley","ILB"
"288",45571,"LAC",25,2,183,3.3,-1.3,"Michael Davis","CB"
"289",46087,"GB",23,4,305,5.3,-1.3,"Jaire Alexander","CB"
"290",46185,"DAL",11,2,183,3.3,-1.3,"Dorance Armstrong","DE"
"291",46698,"PIT",15,2,202,3.3,-1.3,"Levi Wallace","CB"
"292",46902,"PIT",23,2,163,3.3,-1.3,"Robert Spillane","ILB"
"293",47973,"CHI",22,2,180,3.3,-1.3,"Armon Watts","NT"
"294",52431,"LAC",37,5,241,6.3,-1.3,"Kenneth Murray","ILB"
"295",52490,"DAL",10,1,131,2.3,-1.3,"Neville Gallimore","DT"
"296",52496,"CLE",12,3,247,4.3,-1.3,"Jordan Elliott","DT"
"297",53458,"GB",24,5,346,6.3,-1.3,"Eric Stokes","CB"
"298",53503,"WAS",30,5,341,6.3,-1.3,"Benjamin St-Juste","CB"
"299",40031,"TB",9,0,96,1.3,-1.3,"Logan Ryan","FS"
"300",52527,"ATL",68,7,396,8.3,-1.3,"Mykal Walker","ILB"
"301",45033,"IND",5,0,100,1.4,-1.4,"Ifeadi Odenigbo","DE"
"302",46148,"HOU",17,2,185,3.4,-1.4,"Rasheem Green","DE"
"303",42467,"NYJ",41,4,236,5.4,-1.4,"Kwon Alexander","OLB"
"304",43325,"PIT",67,6,340,7.4,-1.4,"Myles Jack","ILB"
"305",43757,"TEN",27,3,175,4.4,-1.4,"Andrew Adams","SS"
"306",44976,"BUF",37,6,287,7.4,-1.4,"Matt Milano","OLB"
"307",45009,"CHI",18,4,268,5.4,-1.4,"Al-Quadin Muhammad","DE"
"308",46132,"TB",36,4,276,5.4,-1.4,"Carlton Davis","CB"
"309",53462,"JAX",41,6,412,7.4,-1.4,"Tyson Campbell","CB"
"310",35454,"BAL",6,1,163,2.5,-1.5,"Jason Pierre-Paul","DE"
"311",35562,"SEA",22,1,161,2.5,-1.5,"Al Woods","NT"
"312",41786,"SF",5,0,107,1.5,-1.5,"Kerry Hyder","DE"
"313",44863,"TEN",9,1,106,2.5,-1.5,"DeMarcus Walker","DE"
"314",44968,"LV",22,2,145,3.5,-1.5,"Jayon Brown","OLB"
"315",46214,"LV",16,3,264,4.5,-1.5,"Bilal Nichols","DT"
"316",46729,"IND",10,1,163,2.5,-1.5,"Brandon Facyson","CB"
"317",47854,"DEN",25,4,291,5.5,-1.5,"Dre'Mont Jones","DE"
"318",47939,"LA",21,2,187,3.5,-1.5,"Justin Hollins","OLB"
"319",47975,"DET",16,3,267,4.5,-1.5,"Isaiah Buggs","DT"
"320",53472,"LV",19,2,236,3.5,-1.5,"Trevon Moehrig","FS"
"321",53504,"DAL",17,2,231,3.5,-1.5,"Osa Odighizuwa","DT"
"322",53618,"PHI",10,1,135,2.5,-1.5,"Marlon Tuipulotu","DT"
"323",38607,"NO",43,6,397,7.6,-1.6,"Demario Davis","MLB"
"324",42030,"DEN",29,4,253,5.6,-1.6,"K'Waun Williams","CB"
"325",43522,"NE",25,3,240,4.6,-1.6,"Jalen Mills","CB"
"326",47790,"JAX",20,4,333,5.6,-1.6,"Josh Allen","OLB"
"327",52706,"DEN",41,5,232,6.6,-1.6,"Jonas Griffith","ILB"
"328",52852,"CAR",49,6,398,7.6,-1.6,"Myles Hartsfield","FS"
"329",53438,"DEN",26,5,363,6.6,-1.6,"Patrick Surtain","CB"
"330",42378,"TEN",4,0,105,1.6,-1.6,"Mario Edwards","DT"
"331",42421,"NO",11,0,105,1.6,-1.6,"P.J. Williams","CB"
"332",42436,"CAR",12,0,96,1.6,-1.6,"Henry Anderson","DE"
"333",44878,"PIT",21,2,169,3.6,-1.6,"Ahkello Witherspoon","CB"
"334",44886,"PIT",18,1,161,2.6,-1.6,"Chris Wormley","DE"
"335",45008,"ARI",13,1,111,2.6,-1.6,"Tanner Vallejo","ILB"
"336",47942,"IND",5,0,91,1.6,-1.6,"Byron Cowart","DT"
"337",52475,"DET",12,0,97,1.6,-1.6,"Julian Okwara","OLB"
"338",52495,"NE",13,1,128,2.6,-1.6,"Anfernee Jennings","OLB"
"339",52518,"NYG",16,2,184,3.6,-1.6,"Darnay Holmes","CB"
"340",52522,"ARI",18,2,183,3.6,-1.6,"Leki Fotu","DT"
"341",53498,"CIN",6,0,109,1.6,-1.6,"Joseph Ossai","DE"
"342",54644,"GB",9,0,113,1.6,-1.6,"Kingsley Enagbare","OLB"
"343",47841,"DAL",7,0,105,1.7,-1.7,"Trysten Hill","DT"
"344",48537,"NO",15,0,112,1.7,-1.7,"Carl Granderson","DE"
"345",48770,"LA",11,0,104,1.7,-1.7,"Marquise Copeland","DT"
"346",54511,"DET",7,0,122,1.7,-1.7,"Josh Paschal","DT"
"347",54582,"NYJ",14,0,108,1.7,-1.7,"Micheal Clemons","DE"
"348",37778,"BAL",28,3,197,4.7,-1.7,"Josh Bynes","ILB"
"349",41595,"CHI",11,1,131,2.7,-1.7,"Mike Pennel","NT"
"350",45011,"DEN",21,3,216,4.7,-1.7,"D.J. Jones","DT"
"351",47984,"KC",23,3,215,4.7,-1.7,"Rashad Fenton","CB"
"352",48089,"PIT",17,2,213,3.7,-1.7,"Malik Reed","OLB"
"353",52542,"ATL",47,6,362,7.7,-1.7,"Jaylinn Hawkins","FS"
"354",53476,"LAC",28,4,350,5.7,-1.7,"Asante Samuel","CB"
"355",35493,"KC",13,1,161,2.8,-1.8,"Carlos Dunlap","OLB"
"356",39984,"PHI",24,4,300,5.8,-1.8,"Darius Slay","CB"
"357",41235,"DAL",31,3,242,4.8,-1.8,"Anthony Barr","OLB"
"358",41341,"BUF",16,2,221,3.8,-1.8,"DaQuan Jones","DT"
"359",46082,"WAS",30,4,329,5.8,-1.8,"Daron Payne","DT"
"360",47867,"KC",26,1,126,2.8,-1.8,"Khalen Saunders","DT"
"361",48259,"KC",30,2,158,3.8,-1.8,"Darius Harris","ILB"
"362",52546,"KC",54,6,355,7.8,-1.8,"L'Jarius Sneed","CB"
"363",52627,"BAL",23,1,182,2.8,-1.8,"Geno Stone","SS"
"364",53639,"ARI",12,1,143,2.8,-1.8,"Victor Dimukeje","OLB"
"365",54470,"NYG",12,2,193,3.8,-1.8,"Kayvon Thibodeaux","OLB"
"366",54639,"CHI",10,1,144,2.8,-1.8,"Dominique Robinson","DE"
"367",54498,"TB",6,0,143,1.8,-1.8,"Logan Hall","DE"
"368",42365,"TEN",5,0,138,1.9,-1.9,"Bud Dupree","OLB"
"369",46098,"CLE",11,2,202,3.9,-1.9,"Taven Bryan","DT"
"370",47899,"TEN",22,2,182,3.9,-1.9,"Amani Hooker","FS"
"371",48462,"TEN",9,0,97,1.9,-1.9,"Kevin Strong","DE"
"372",54478,"PHI",15,0,120,1.9,-1.9,"Jordan Davis","DT"
"373",54503,"ATL",18,2,253,3.9,-1.9,"Arnold Ebiketie","OLB"
"374",54948,"CAR",9,0,106,1.9,-1.9,"Marquan McCall","NT"
"375",46259,"DET",51,4,312,5.9,-1.9,"DeShon Elliott","FS"
"376",40347,"DEN",22,2,179,4,-2,"Mike Purcell","NT"
"377",42465,"MIN",15,2,270,4,-2,"Za'Darius Smith","OLB"
"378",42485,"GB",41,5,356,7,-2,"Adrian Amos","FS"
"379",46197,"NO",11,1,182,3,-2,"Kentavius Street","DT"
"380",46205,"CAR",13,1,184,3,-2,"Marquis Haynes","OLB"
"381",47785,"SF",12,1,188,3,-2,"Nick Bosa","DE"
"382",47941,"SEA",37,5,391,7,-2,"Michael Jackson","CB"
"383",52619,"IND",18,0,151,2,-2,"Isaiah Rodgers","CB"
"384",53467,"NE",12,0,128,2,-2,"Christian Barmore","DT"
"385",53494,"JAX",46,6,410,8,-2,"Andre Cisco","SS"
"386",54500,"TEN",50,6,366,8,-2,"Roger McCreary","CB"
"387",54541,"BAL",9,0,117,2,-2,"Travis Jones","DT"
"388",52458,"CHI",14,3,256,5.1,-2.1,"Jaylon Johnson","CB"
"389",52481,"JAX",31,3,242,5.1,-2.1,"Davon Hamilton","DT"
"390",43405,"SF",17,0,128,2.1,-2.1,"Hassan Ridgeway","DT"
"391",44837,"NE",27,1,143,3.1,-2.1,"Jabrill Peppers","SS"
"392",52563,"CHI",13,1,196,3.1,-2.1,"Trevis Gipson","OLB"
"393",54671,"DEN",10,0,95,2.1,-2.1,"Matt Henningsen","DE"
"394",41300,"HOU",54,6,350,8.2,-2.2,"Christian Kirksey","OLB"
"395",40171,"NYG",16,1,166,3.2,-2.2,"Nicholas Williams","DT"
"396",43338,"GB",27,2,261,4.2,-2.2,"Jarran Reed","DT"
"397",43361,"MIN",11,0,149,2.2,-2.2,"Jonathan Bullard","DE"
"398",46099,"DET",21,1,176,3.2,-2.2,"Mike Hughes","CB"
"399",47844,"LA",38,3,284,5.2,-2.2,"Taylor Rapp","FS"
"400",47931,"SF",48,4,249,6.2,-2.2,"Dre Greenlaw","ILB"
"401",53532,"LA",54,4,254,6.2,-2.2,"Ernest Jones","ILB"
"402",43323,"NYG",25,1,150,3.3,-2.3,"Jaylon Smith","MLB"
"403",43533,"DAL",32,2,209,4.3,-2.3,"Jayron Kearse","FS"
"404",46083,"NO",17,1,222,3.3,-2.3,"Marcus Davenport","DE"
"405",46085,"BUF",62,5,299,7.3,-2.3,"Tremaine Edmunds","ILB"
"406",47878,"NYG",11,0,127,2.3,-2.3,"Oshane Ximines","OLB"
"407",52493,"IND",7,0,164,2.3,-2.3,"Julian Blackmon","FS"
"408",54467,"DET",13,3,321,5.3,-2.3,"Aidan Hutchinson","DE"
"409",41243,"NYJ",86,8,413,10.3,-2.3,"C.J. Mosley","ILB"
"410",43791,"LAC",8,0,151,2.4,-2.4,"Morgan Fox","DE"
"411",46278,"ATL",21,1,156,3.4,-2.4,"Cornell Armstrong","CB"
"412",47787,"LV",8,0,156,2.4,-2.4,"Clelin Ferrell","DE"
"413",47947,"IND",29,0,127,2.4,-2.4,"E.J. Speed","OLB"
"414",53502,"PHI",9,0,136,2.4,-2.4,"Milton Williams","DT"
"415",43350,"CIN",37,5,389,7.4,-2.4,"Vonn Bell","SS"
"416",44957,"IND",45,3,295,5.4,-2.4,"Grover Stewart","DT"
"417",46142,"MIA",49,7,403,9.4,-2.4,"Jerome Baker","ILB"
"418",47917,"LA",14,2,275,4.4,-2.4,"Greg Gaines","NT"
"419",41483,"TEN",23,1,137,3.5,-2.5,"Terrance Mitchell","CB"
"420",41915,"TB",27,2,262,4.5,-2.5,"Shaquil Barrett","OLB"
"421",43436,"SEA",12,1,223,3.5,-2.5,"Quinton Jefferson","DE"
"422",46077,"CHI",77,7,376,9.5,-2.5,"Roquan Smith","ILB"
"423",46521,"ARI",22,1,157,3.5,-2.5,"Ben Niemann","ILB"
"424",46711,"SEA",30,3,258,5.5,-2.5,"Ryan Neal","SS"
"425",47956,"WAS",70,4,289,6.5,-2.5,"Cole Holcomb","ILB"
"426",48123,"SF",10,0,158,2.5,-2.5,"Kevin Givens","DT"
"427",52515,"CIN",31,0,111,2.5,-2.5,"Akeem Davis-Gaither","OLB"
"428",53592,"WAS",36,2,246,4.5,-2.5,"Darrick Forrest","SS"
"429",44827,"DAL",37,2,277,4.6,-2.6,"Malik Hooker","FS"
"430",47786,"NYJ",24,2,275,4.6,-2.6,"Quinnen Williams","NT"
"431",54677,"LA",25,3,247,5.6,-2.6,"Derion Kendrick","CB"
"432",52492,"LA",11,1,170,3.6,-2.6,"Terrell Lewis","OLB"
"433",42560,"TB",17,1,216,3.7,-2.7,"Rakeem Nunez-Roches","NT"
"434",46123,"CIN",37,4,386,6.7,-2.7,"Jessie Bates","FS"
"435",48476,"MIA",21,1,209,3.7,-2.7,"Nik Needham","CB"
"436",53465,"MIA",49,5,429,7.7,-2.7,"Jevon Holland","FS"
"437",40074,"TB",23,1,201,3.8,-2.8,"William Gholston","DE"
"438",43356,"HOU",12,0,143,2.8,-2.8,"Maliek Collins","DT"
"439",46081,"TB",20,1,257,3.8,-2.8,"Vita Vea","NT"
"440",46086,"LAC",67,5,353,7.8,-2.8,"Derwin James","FS"
"441",52452,"CLE",47,5,344,7.8,-2.8,"Grant Delpit","SS"
"442",52464,"MIA",19,1,233,3.8,-2.8,"Raekwon Davis","NT"
"443",55045,"HOU",7,0,149,2.8,-2.8,"Kurt Hinish","DT"
"444",37724,"NO",17,0,140,2.9,-2.9,"Chris Harris","CB"
"445",38542,"PHI",16,1,215,3.9,-2.9,"Fletcher Cox","DT"
"446",44815,"NYJ",12,0,147,2.9,-2.9,"Solomon Thomas","DT"
"447",44834,"DET",12,0,162,2.9,-2.9,"Charles Harris","OLB"
"448",46165,"MIN",20,1,247,3.9,-2.9,"Harrison Phillips","DT"
"449",46204,"NYJ",15,1,239,3.9,-2.9,"John Franklin-Myers","DE"
"450",48544,"NO",21,1,227,3.9,-2.9,"Shy Tuttle","DT"
"451",42427,"MIN",74,5,345,7.9,-2.9,"Jordan Hicks","ILB"
"452",46135,"ATL",24,3,381,5.9,-2.9,"Lorenzo Carter","OLB"
"453",47891,"NYG",54,3,319,5.9,-2.9,"Julian Love","SS"
"454",52510,"PIT",23,2,332,4.9,-2.9,"Alex Highsmith","OLB"
"455",44991,"NE",30,2,247,5,-3,"Davon Godchaux","NT"
"456",47788,"TB",63,6,414,9,-3,"Devin White","ILB"
"457",54505,"SEA",21,1,181,4,-3,"Boye Mafe","OLB"
"458",37087,"CHI",4,1,220,4.1,-3.1,"Robert Quinn","OLB"
"459",41269,"LAC",20,2,228,5.1,-3.1,"Kyle Van Noy","OLB"
"460",42826,"DEN",12,1,199,4.1,-3.1,"DeShawn Williams","DT"
"461",43426,"GB",27,1,234,4.1,-3.1,"Dean Lowry","DE"
"462",45287,"IND",41,5,415,8.1,-3.1,"Kenny Moore","CB"
"463",52415,"CAR",42,2,311,5.1,-3.1,"Derrick Brown","DE"
"464",52991,"NE",32,1,192,4.1,-3.1,"Myles Bryant","CB"
"465",54468,"HOU",37,3,371,6.1,-3.1,"Derek Stingley","CB"
"466",37308,"NE",19,0,156,3.1,-3.1,"Lawrence Guy","DT"
"467",53534,"DEN",10,0,171,3.1,-3.1,"Baron Browning","ILB"
"468",37084,"ARI",11,1,287,4.2,-3.2,"J.J. Watt","DE"
"469",42349,"NYG",18,0,179,3.2,-3.2,"Leonard Williams","DT"
"470",42401,"ARI",26,2,287,5.2,-3.2,"Markus Golden","OLB"
"471",42480,"ATL",25,2,351,5.2,-3.2,"Grady Jarrett","DT"
"472",44854,"BAL",32,1,213,4.2,-3.2,"Marcus Williams","FS"
"473",46153,"CHI",20,2,270,5.2,-3.2,"Justin Jones","DT"
"474",35466,"NE",45,3,369,6.3,-3.3,"Devin McCourty","FS"
"475",37104,"PIT",30,1,266,4.3,-3.3,"Cameron Heyward","DT"
"476",38540,"IND",31,4,411,7.3,-3.3,"Stephon Gilmore","CB"
"477",43321,"MIA",10,0,220,3.3,-3.3,"Emmanuel Ogbah","DE"
"478",46487,"SEA",16,1,247,4.3,-3.3,"Poona Ford","DE"
"479",46652,"MIN",27,3,313,6.3,-3.3,"Chandon Sullivan","CB"
"480",52444,"NYG",38,3,341,6.3,-3.3,"Xavier McKinney","FS"
"481",52497,"MIN",43,3,329,6.3,-3.3,"Cameron Dantzler","CB"
"482",54618,"SEA",29,3,417,6.3,-3.3,"Tariq Woolen","CB"
"483",44829,"WAS",26,3,313,6.4,-3.4,"Jonathan Allen","DT"
"484",47843,"LAC",29,2,308,5.4,-3.4,"Nasir Adderley","FS"
"485",47863,"CLE",34,1,206,4.4,-3.4,"Sione Takitaki","OLB"
"486",52571,"CHI",29,3,317,6.5,-3.5,"Kindle Vildor","CB"
"487",53441,"DAL",28,2,317,5.5,-3.5,"Micah Parsons","OLB"
"488",53537,"ATL",16,1,230,4.5,-3.5,"Darren Hall","CB"
"489",53554,"MIN",34,2,387,5.5,-3.5,"Camryn Bynum","FS"
"490",53624,"HOU",11,0,188,3.5,-3.5,"Roy Lopez","DT"
"491",54469,"NYJ",44,4,412,7.5,-3.5,"Ahmad Gardner","CB"
"492",43298,"LA",31,2,290,5.6,-3.6,"Leonard Floyd","DE"
"493",44915,"CIN",16,1,268,4.6,-3.6,"Trey Hendrickson","DE"
"494",44944,"NE",27,2,314,5.6,-3.6,"Deatrich Wise","DE"
"495",46091,"ATL",84,6,452,9.6,-3.6,"Rashaan Evans","ILB"
"496",47809,"WAS",24,1,269,4.6,-3.6,"Montez Sweat","DE"
"497",44823,"NO",16,0,209,3.6,-3.6,"Marshon Lattimore","CB"
"498",38559,"MIN",43,2,322,5.7,-3.7,"Harrison Smith","SS"
"499",53455,"CLE",21,3,332,6.7,-3.7,"Greg Newsome","CB"
"500",43296,"IND",33,1,300,4.8,-3.8,"DeForest Buckner","DT"
"501",43435,"NE",22,1,270,4.8,-3.8,"Matt Judon","OLB"
"502",47871,"SEA",56,3,305,6.8,-3.8,"Cody Barton","MLB"
"503",38843,"IND",38,2,343,5.9,-3.9,"Rodney McLeod","FS"
"504",42116,"NE",40,3,277,6.9,-3.9,"Adrian Phillips","SS"
"505",43294,"LA",33,3,350,6.9,-3.9,"Jalen Ramsey","CB"
"506",43326,"KC",10,1,299,4.9,-3.9,"Chris Jones","DT"
"507",47872,"IND",71,4,343,7.9,-3.9,"Bobby Okereke","ILB"
"508",44888,"DET",61,4,366,8,-4,"Alex Anzalone","ILB"
"509",45004,"CAR",48,3,417,7,-4,"Xavier Woods","FS"
"510",46080,"PIT",43,2,333,6,-4,"Minkah Fitzpatrick","FS"
"511",46139,"SF",54,3,308,7,-4,"Fred Warner","ILB"
"512",47793,"PIT",43,1,261,5,-4,"Devin Bush","ILB"
"513",41239,"LA",29,1,314,5.1,-4.1,"Aaron Donald","DT"
"514",43353,"TEN",56,3,355,7.1,-4.1,"Kevin Byard","FS"
"515",44828,"BAL",30,4,382,8.2,-4.2,"Marlon Humphrey","CB"
"516",43316,"GB",31,1,309,5.2,-4.2,"Kenny Clark","NT"
"517",46088,"DAL",59,3,334,7.2,-4.2,"Leighton Vander Esch","OLB"
"518",52446,"CAR",28,1,318,5.2,-4.2,"Yetur Gross-Matos","OLB"
"519",52453,"TB",37,1,308,5.3,-4.3,"Antoine Winfield","FS"
"520",47796,"MIA",40,2,349,6.5,-4.5,"Christian Wilkins","DT"
"521",46138,"CIN",33,1,314,5.7,-4.7,"B.J. Hill","DT"
"522",46757,"SF",34,0,269,4.7,-4.7,"Charvarius Ward","CB"
"523",47816,"ARI",35,3,432,7.7,-4.7,"Byron Murphy","CB"
"524",46212,"NE",49,2,296,6.9,-4.9,"Ja'Whaun Bentley","ILB"
"525",38868,"SF",27,0,310,5,-5,"Tashaun Gipson","FS"
"526",47848,"ARI",32,1,349,6,-5,"Zach Allen","DE"
"527",52459,"DAL",26,2,378,7,-5,"Trevon Diggs","CB"
"528",37078,"MIN",29,2,387,7.1,-5.1,"Patrick Peterson","CB"
"529",47826,"NE",29,0,221,5.1,-5.1,"Jahlani Tavai","ILB"
"530",52624,"WAS",45,1,297,6.1,-5.1,"Kamren Curl","SS"
"531",52473,"CIN",51,2,341,7.2,-5.2,"Logan Wilson","ILB"
"532",43373,"WAS",32,2,380,7.5,-5.5,"Kendall Fuller","CB"
"533",47877,"TB",35,0,414,5.5,-5.5,"Jamel Dean","CB"
"534",49410,"ARI",56,2,431,7.5,-5.5,"Jalen Thompson","FS"
"535",52411,"DET",46,1,348,6.8,-5.8,"Jeff Okudah","CB"
"536",38577,"LA",63,1,356,7.6,-6.6,"Bobby Wagner","ILB"
"537",53487,"KC",69,2,348,8.9,-6.9,"Nick Bolton","ILB"
"538",38588,"TB",60,1,414,9.2,-8.2,"Lavonte David","ILB"
