"","nflId","defensiveTeam","tackles","plays","TP_season","xTP_season","TPOE_season","displayName","position"
"1",52515,"CIN",31,111,0.279,0.192,0.087,"Akeem Davis-Gaither","OLB"
"2",47947,"IND",29,127,0.228,0.145,0.083,"E.J. Speed","OLB"
"3",42929,"DEN",62,232,0.267,0.191,0.076,"Alex Singleton","OLB"
"4",47867,"KC",26,126,0.206,0.133,0.074,"Khalen Saunders","DT"
"5",47956,"WAS",70,289,0.242,0.169,0.073,"Cole Holcomb","ILB"
"6",46669,"HOU",64,329,0.195,0.125,0.069,"Jonathan Owens","FS"
"7",46151,"DET",17,94,0.181,0.112,0.068,"Tracy Walker","FS"
"8",42391,"LV",38,177,0.215,0.147,0.067,"Denzel Perryman","ILB"
"9",53542,"DET",23,98,0.235,0.174,0.061,"Derrick Barnes","ILB"
"10",43420,"LV",20,93,0.215,0.155,0.06,"Blake Martinez","ILB"
"11",42427,"MIN",74,345,0.214,0.158,0.056,"Jordan Hicks","ILB"
"12",48516,"PHI",74,342,0.216,0.161,0.055,"T.J. Edwards","ILB"
"13",53509,"LV",73,340,0.215,0.16,0.055,"Divine Deablo","OLB"
"14",53641,"BUF",50,274,0.182,0.132,0.05,"Damar Hamlin","SS"
"15",44887,"MIA",28,129,0.217,0.17,0.047,"Duke Riley","ILB"
"16",46086,"LAC",67,353,0.19,0.142,0.047,"Derwin James","FS"
"17",53481,"CLE",40,213,0.188,0.142,0.046,"Jeremiah Owusu-Koramoah","OLB"
"18",53489,"NO",73,340,0.215,0.169,0.046,"Pete Werner","OLB"
"19",46269,"JAX",85,415,0.205,0.16,0.045,"Foyesade Oluokun","ILB"
"20",54487,"GB",57,284,0.201,0.155,0.045,"Quay Walker","ILB"
"21",46077,"CHI",77,376,0.205,0.161,0.043,"Roquan Smith","ILB"
"22",44837,"NE",27,143,0.189,0.147,0.042,"Jabrill Peppers","SS"
"23",46188,"PHI",53,257,0.206,0.164,0.042,"Kyzir White","ILB"
"24",52435,"SEA",84,428,0.196,0.155,0.042,"Jordyn Brooks","ILB"
"25",44848,"ARI",70,426,0.164,0.126,0.039,"Budda Baker","SS"
"26",46700,"JAX",15,102,0.147,0.108,0.039,"Tre Herndon","CB"
"27",53596,"LV",37,222,0.167,0.128,0.039,"Nate Hobbs","CB"
"28",46085,"BUF",62,299,0.207,0.17,0.038,"Tremaine Edmunds","ILB"
"29",52411,"DET",46,348,0.132,0.094,0.038,"Jeff Okudah","CB"
"30",41243,"NYJ",86,413,0.208,0.171,0.037,"C.J. Mosley","ILB"
"31",46259,"DET",51,312,0.163,0.126,0.037,"DeShon Elliott","FS"
"32",47913,"LAC",63,320,0.197,0.16,0.037,"Drue Tranquill","ILB"
"33",54523,"ATL",27,127,0.213,0.176,0.037,"Troy Andersen","ILB"
"34",52415,"CAR",42,311,0.135,0.099,0.036,"Derrick Brown","DE"
"35",47872,"IND",71,343,0.207,0.172,0.035,"Bobby Okereke","ILB"
"36",53532,"LA",54,254,0.213,0.177,0.035,"Ernest Jones","ILB"
"37",48537,"NO",15,112,0.134,0.1,0.034,"Carl Granderson","DE"
"38",52991,"NE",32,192,0.167,0.133,0.034,"Myles Bryant","CB"
"39",54778,"CHI",17,114,0.149,0.115,0.034,"Jaylon Jones","CB"
"40",43404,"GB",63,324,0.194,0.161,0.033,"De'Vondre Campbell","ILB"
"41",46175,"DEN",35,164,0.213,0.18,0.033,"Josey Jewell","ILB"
"42",47855,"CIN",57,274,0.208,0.175,0.033,"Germaine Pratt","OLB"
"43",53487,"KC",69,348,0.198,0.165,0.033,"Nick Bolton","ILB"
"44",38577,"LA",63,356,0.177,0.145,0.032,"Bobby Wagner","ILB"
"45",42816,"LA",17,128,0.133,0.1,0.032,"Troy Hill","CB"
"46",44902,"JAX",30,232,0.129,0.099,0.031,"Shaquill Griffin","CB"
"47",47891,"NYG",54,319,0.169,0.139,0.031,"Julian Love","SS"
"48",52478,"MIA",47,250,0.188,0.157,0.031,"Brandon Jones","SS"
"49",54582,"NYJ",14,108,0.13,0.099,0.031,"Micheal Clemons","DE"
"50",43335,"LA",34,232,0.147,0.117,0.029,"A'Shawn Robinson","DT"
"51",43353,"TEN",56,355,0.158,0.129,0.029,"Kevin Byard","FS"
"52",47971,"TEN",61,354,0.172,0.144,0.029,"David Long","ILB"
"53",55032,"NYG",14,92,0.152,0.123,0.029,"Tomon Fox","OLB"
"54",44957,"IND",45,295,0.153,0.125,0.028,"Grover Stewart","DT"
"55",46304,"IND",83,417,0.199,0.171,0.028,"Zaire Franklin","OLB"
"56",41263,"DAL",31,226,0.137,0.11,0.027,"Demarcus Lawrence","DE"
"57",44925,"CHI",64,404,0.158,0.131,0.027,"Eddie Jackson","SS"
"58",46091,"ATL",84,452,0.186,0.159,0.027,"Rashaan Evans","ILB"
"59",46278,"ATL",21,156,0.135,0.107,0.027,"Cornell Armstrong","CB"
"60",47863,"CLE",34,206,0.165,0.138,0.027,"Sione Takitaki","OLB"
"61",47996,"DAL",54,347,0.156,0.129,0.027,"Donovan Wilson","SS"
"62",48259,"KC",30,158,0.19,0.163,0.027,"Darius Harris","ILB"
"63",54600,"KC",13,96,0.135,0.108,0.027,"Joshua Williams","CB"
"64",43306,"TB",36,223,0.161,0.135,0.026,"Keanu Neal","FS"
"65",43325,"PIT",67,340,0.197,0.172,0.026,"Myles Jack","ILB"
"66",44893,"NYG",29,211,0.137,0.111,0.026,"Fabian Moreau","CB"
"67",47938,"NE",20,111,0.18,0.154,0.026,"Mack Wilson","OLB"
"68",52471,"KC",28,135,0.207,0.182,0.026,"Willie Gay","OLB"
"69",43323,"NYG",25,150,0.167,0.142,0.025,"Jaylon Smith","MLB"
"70",43405,"SF",17,128,0.133,0.108,0.025,"Hassan Ridgeway","DT"
"71",52619,"IND",18,151,0.119,0.094,0.025,"Isaiah Rodgers","CB"
"72",45571,"LAC",25,183,0.137,0.112,0.024,"Michael Davis","CB"
"73",44964,"HOU",34,236,0.144,0.121,0.023,"Desmond King","CB"
"74",47929,"DET",31,237,0.131,0.107,0.023,"Amani Oruwariye","CB"
"75",44871,"NO",13,110,0.118,0.097,0.022,"Tanoh Kpassagnon","DE"
"76",52546,"KC",54,355,0.152,0.13,0.022,"L'Jarius Sneed","CB"
"77",54479,"BAL",21,146,0.144,0.122,0.022,"Kyle Hamilton","FS"
"78",41483,"TEN",23,137,0.168,0.146,0.021,"Terrance Mitchell","CB"
"79",42388,"MIN",65,383,0.17,0.149,0.021,"Eric Kendricks","ILB"
"80",43757,"TEN",27,175,0.154,0.133,0.021,"Andrew Adams","SS"
"81",44830,"NYG",41,321,0.128,0.107,0.021,"Adoree' Jackson","CB"
"82",44999,"BAL",54,401,0.135,0.114,0.021,"Chuck Clark","SS"
"83",47871,"SEA",56,305,0.184,0.162,0.021,"Cody Barton","MLB"
"84",52505,"CLE",43,227,0.189,0.168,0.021,"Jacob Phillips","MLB"
"85",47964,"BUF",24,153,0.157,0.137,0.02,"Jaquan Johnson","FS"
"86",47974,"PHI",45,349,0.129,0.109,0.02,"Marcus Epps","SS"
"87",53674,"PIT",18,148,0.122,0.102,0.02,"Tre Norwood","FS"
"88",35562,"SEA",22,161,0.137,0.118,0.019,"Al Woods","NT"
"89",43641,"CIN",35,258,0.136,0.117,0.019,"Mike Hilton","CB"
"90",44888,"DET",61,366,0.167,0.148,0.019,"Alex Anzalone","ILB"
"91",47862,"LA",13,104,0.125,0.106,0.019,"David Long","CB"
"92",52624,"WAS",45,297,0.152,0.133,0.019,"Kamren Curl","SS"
"93",54478,"PHI",15,120,0.125,0.106,0.019,"Jordan Davis","DT"
"94",43533,"DAL",32,209,0.153,0.135,0.018,"Jayron Kearse","FS"
"95",45038,"CLE",13,98,0.133,0.115,0.018,"Isaac Rochell","DE"
"96",47793,"PIT",43,261,0.165,0.146,0.018,"Devin Bush","ILB"
"97",52481,"JAX",31,242,0.128,0.11,0.018,"Davon Hamilton","DT"
"98",54488,"BUF",35,264,0.133,0.115,0.018,"Kaiir Elam","CB"
"99",54502,"HOU",54,352,0.153,0.136,0.018,"Jalen Pitre","FS"
"100",42436,"CAR",12,96,0.125,0.108,0.017,"Henry Anderson","DE"
"101",43503,"MIA",51,280,0.182,0.165,0.017,"Elandon Roberts","ILB"
"102",45395,"PIT",27,203,0.133,0.116,0.017,"Arthur Maulet","CB"
"103",46757,"SF",34,269,0.126,0.109,0.017,"Charvarius Ward","CB"
"104",47844,"LA",38,284,0.134,0.117,0.017,"Taylor Rapp","FS"
"105",52475,"DET",12,97,0.124,0.107,0.017,"Julian Okwara","OLB"
"106",52527,"ATL",68,396,0.172,0.154,0.017,"Mykal Walker","ILB"
"107",52578,"BAL",21,182,0.115,0.099,0.017,"Broderick Washington","DT"
"108",54533,"CLE",34,245,0.139,0.122,0.017,"Martin Emerson","CB"
"109",42467,"NYJ",41,236,0.174,0.158,0.016,"Kwon Alexander","OLB"
"110",44854,"BAL",32,213,0.15,0.134,0.016,"Marcus Williams","FS"
"111",44911,"GB",38,298,0.128,0.111,0.016,"Rasul Douglas","CB"
"112",46212,"NE",49,296,0.166,0.15,0.016,"Ja'Whaun Bentley","ILB"
"113",47810,"LV",48,310,0.155,0.139,0.016,"Johnathan Abram","SS"
"114",47931,"SF",48,249,0.193,0.177,0.016,"Dre Greenlaw","ILB"
"115",53505,"NO",30,216,0.139,0.123,0.016,"Paulson Adebo","CB"
"116",52497,"MIN",43,329,0.131,0.115,0.015,"Cameron Dantzler","CB"
"117",53469,"ATL",61,459,0.133,0.118,0.015,"Richie Grant","SS"
"118",54500,"TEN",50,366,0.137,0.121,0.015,"Roger McCreary","CB"
"119",54579,"NYG",16,108,0.148,0.133,0.015,"Dane Belton","FS"
"120",54586,"NE",24,213,0.113,0.098,0.015,"Jack Jones","CB"
"121",35459,"DEN",51,384,0.133,0.119,0.014,"Kareem Jackson","SS"
"122",54704,"IND",23,246,0.093,0.079,0.014,"Rodney Thomas","FS"
"123",37097,"NO",31,290,0.107,0.093,0.013,"Cameron Jordan","DE"
"124",40347,"DEN",22,179,0.123,0.11,0.013,"Mike Purcell","NT"
"125",44827,"DAL",37,277,0.134,0.12,0.013,"Malik Hooker","FS"
"126",44872,"CIN",36,327,0.11,0.097,0.013,"Chidobe Awuzie","CB"
"127",47881,"NYJ",48,261,0.184,0.17,0.013,"Quincy Williams","OLB"
"128",52417,"CAR",32,251,0.127,0.115,0.013,"C.J. Henderson","CB"
"129",54574,"SEA",37,268,0.138,0.125,0.013,"Coby Bryant","CB"
"130",35466,"NE",45,369,0.122,0.11,0.012,"Devin McCourty","FS"
"131",37104,"PIT",30,266,0.113,0.1,0.012,"Cameron Heyward","DT"
"132",46080,"PIT",43,333,0.129,0.117,0.012,"Minkah Fitzpatrick","FS"
"133",46088,"DAL",59,334,0.177,0.165,0.012,"Leighton Vander Esch","OLB"
"134",46846,"TEN",19,133,0.143,0.131,0.012,"Joshua Kalu","FS"
"135",47889,"LV",40,368,0.109,0.096,0.012,"Maxx Crosby","DE"
"136",47934,"MIA",14,94,0.149,0.137,0.012,"Andrew Van Ginkel","OLB"
"137",47973,"CHI",22,180,0.122,0.11,0.012,"Armon Watts","NT"
"138",52272,"ATL",13,102,0.127,0.116,0.012,"Dee Alford","CB"
"139",52453,"TB",37,308,0.12,0.108,0.012,"Antoine Winfield","FS"
"140",53581,"DEN",21,182,0.115,0.103,0.012,"Caden Sterns","FS"
"141",54936,"MIA",36,251,0.143,0.132,0.012,"Kader Kohou","CB"
"142",42368,"CAR",66,415,0.159,0.148,0.011,"Shaq Thompson","ILB"
"143",42390,"MIA",27,133,0.203,0.192,0.011,"Eric Rowe","SS"
"144",47796,"MIA",40,349,0.115,0.104,0.011,"Christian Wilkins","DT"
"145",47864,"DET",23,153,0.15,0.139,0.011,"Will Harris","SS"
"146",35452,"PHI",12,127,0.094,0.084,0.01,"Brandon Graham","DE"
"147",43407,"CAR",17,136,0.125,0.115,0.01,"Juston Burris","SS"
"148",44851,"NO",32,269,0.119,0.109,0.01,"Marcus Maye","FS"
"149",44869,"TEN",22,132,0.167,0.157,0.01,"Zach Cunningham","ILB"
"150",44878,"PIT",21,169,0.124,0.114,0.01,"Ahkello Witherspoon","CB"
"151",52445,"NE",23,171,0.135,0.125,0.01,"Kyle Dugger","FS"
"152",54606,"BAL",20,129,0.155,0.145,0.01,"Damarion Williams","CB"
"153",37724,"NO",17,140,0.121,0.113,0.009,"Chris Harris","CB"
"154",43338,"GB",27,261,0.103,0.094,0.009,"Jarran Reed","DT"
"155",46139,"SF",54,308,0.175,0.167,0.009,"Fred Warner","ILB"
"156",49410,"ARI",56,431,0.13,0.121,0.009,"Jalen Thompson","FS"
"157",52469,"TEN",33,322,0.102,0.094,0.009,"Kristian Fulton","CB"
"158",52473,"CIN",51,341,0.15,0.141,0.009,"Logan Wilson","ILB"
"159",53450,"IND",19,181,0.105,0.096,0.009,"Kwity Paye","DE"
"160",53592,"WAS",36,246,0.146,0.137,0.009,"Darrick Forrest","SS"
"161",43497,"HOU",38,228,0.167,0.158,0.008,"Kamu Grugier-Hill","ILB"
"162",44991,"NE",30,247,0.121,0.114,0.008,"Davon Godchaux","NT"
"163",46073,"CLE",20,193,0.104,0.095,0.008,"Denzel Ward","CB"
"164",46199,"PHI",21,223,0.094,0.086,0.008,"Josh Sweat","DE"
"165",52697,"PIT",13,105,0.124,0.116,0.008,"James Pierre","CB"
"166",54468,"HOU",37,371,0.1,0.092,0.008,"Derek Stingley","CB"
"167",42116,"NE",40,277,0.144,0.137,0.007,"Adrian Phillips","SS"
"168",42349,"NYG",18,179,0.101,0.094,0.007,"Leonard Williams","DT"
"169",44938,"SF",21,206,0.102,0.095,0.007,"Samson Ebukam","DE"
"170",46117,"SEA",33,334,0.099,0.092,0.007,"Uchenna Nwosu","OLB"
"171",46127,"ATL",17,117,0.145,0.138,0.007,"Isaiah Oliver","CB"
"172",52542,"ATL",47,362,0.13,0.123,0.007,"Jaylinn Hawkins","FS"
"173",52647,"BUF",28,283,0.099,0.091,0.007,"Dane Jackson","CB"
"174",53445,"ARI",63,418,0.151,0.144,0.007,"Zaven Collins","OLB"
"175",53577,"ATL",28,293,0.096,0.089,0.007,"Ta'Quon Graham","DE"
"176",41464,"SEA",19,194,0.098,0.092,0.006,"Shelby Harris","DE"
"177",42488,"WAS",42,365,0.115,0.109,0.006,"Bobby McCain","FS"
"178",45643,"TEN",24,141,0.17,0.164,0.006,"Dylan Cole","ILB"
"179",46190,"BUF",47,329,0.143,0.137,0.006,"Taron Johnson","CB"
"180",52980,"DET",15,113,0.133,0.127,0.006,"Juju Hughes","FS"
"181",53467,"NE",12,128,0.094,0.087,0.006,"Christian Barmore","DT"
"182",37308,"NE",19,156,0.122,0.117,0.005,"Lawrence Guy","DT"
"183",42485,"GB",41,356,0.115,0.11,0.005,"Adrian Amos","FS"
"184",43354,"TB",12,107,0.112,0.107,0.005,"Carl Nassib","OLB"
"185",46099,"DET",21,176,0.119,0.114,0.005,"Mike Hughes","CB"
"186",47848,"ARI",32,349,0.092,0.087,0.005,"Zach Allen","DE"
"187",47939,"LA",21,187,0.112,0.107,0.005,"Justin Hollins","OLB"
"188",52452,"CLE",47,344,0.137,0.131,0.005,"Grant Delpit","SS"
"189",52506,"BAL",23,169,0.136,0.131,0.005,"Malik Harrison","OLB"
"190",53595,"CAR",14,123,0.114,0.109,0.005,"Keith Taylor","CB"
"191",38559,"MIN",43,322,0.134,0.129,0.004,"Harrison Smith","SS"
"192",42431,"MIN",29,320,0.091,0.087,0.004,"Danielle Hunter","OLB"
"193",44886,"PIT",18,161,0.112,0.108,0.004,"Chris Wormley","DE"
"194",45004,"CAR",48,417,0.115,0.111,0.004,"Xavier Woods","FS"
"195",47817,"LV",31,324,0.096,0.092,0.004,"Rock Ya-Sin","CB"
"196",53494,"JAX",46,410,0.112,0.108,0.004,"Andre Cisco","SS"
"197",53609,"SF",40,296,0.135,0.131,0.004,"Talanoa Hufanga","SS"
"198",54513,"CHI",51,408,0.125,0.121,0.004,"Jaquan Brisker","SS"
"199",54653,"DET",43,262,0.164,0.16,0.004,"Malcolm Rodriguez","ILB"
"200",42401,"ARI",26,287,0.091,0.088,0.003,"Markus Golden","OLB"
"201",43426,"GB",27,234,0.115,0.112,0.003,"Dean Lowry","DE"
"202",44904,"DAL",25,212,0.118,0.115,0.003,"Jourdan Lewis","CB"
"203",45011,"DEN",21,216,0.097,0.094,0.003,"D.J. Jones","DT"
"204",46132,"TB",36,276,0.13,0.127,0.003,"Carlton Davis","CB"
"205",46211,"NYJ",40,420,0.095,0.092,0.003,"D.J. Reed","CB"
"206",47788,"TB",63,414,0.152,0.149,0.003,"Devin White","ILB"
"207",48198,"SEA",16,142,0.113,0.109,0.003,"Bryan Mone","NT"
"208",52594,"LAC",14,95,0.147,0.144,0.003,"Alohi Gilman","SS"
"209",53462,"JAX",41,412,0.1,0.096,0.003,"Tyson Campbell","CB"
"210",53465,"MIA",49,429,0.114,0.111,0.003,"Jevon Holland","FS"
"211",54469,"NYJ",44,412,0.107,0.103,0.003,"Ahmad Gardner","CB"
"212",41915,"TB",27,262,0.103,0.101,0.002,"Shaquil Barrett","OLB"
"213",43296,"IND",33,300,0.11,0.108,0.002,"DeForest Buckner","DT"
"214",43787,"JAX",26,268,0.097,0.095,0.002,"Roy Robertson-Harris","DT"
"215",46138,"CIN",33,314,0.105,0.103,0.002,"B.J. Hill","DT"
"216",46264,"LAC",28,250,0.112,0.11,0.002,"Sebastian Joseph","NT"
"217",46527,"CAR",44,316,0.139,0.137,0.002,"Frankie Luvu","ILB"
"218",52706,"DEN",41,232,0.177,0.174,0.002,"Jonas Griffith","ILB"
"219",54671,"DEN",10,95,0.105,0.103,0.002,"Matt Henningsen","DE"
"220",40039,"LV",36,368,0.098,0.097,0.001,"Duron Harmon","SS"
"221",41300,"HOU",54,350,0.154,0.153,0.001,"Christian Kirksey","OLB"
"222",43294,"LA",33,350,0.094,0.093,0.001,"Jalen Ramsey","CB"
"223",43313,"WAS",15,124,0.121,0.12,0.001,"William Jackson","CB"
"224",43316,"GB",31,309,0.1,0.099,0.001,"Kenny Clark","NT"
"225",44862,"NO",22,197,0.112,0.11,0.001,"Justin Evans","SS"
"226",46146,"CIN",33,326,0.101,0.1,0.001,"Sam Hubbard","DE"
"227",47877,"TB",35,414,0.085,0.083,0.001,"Jamel Dean","CB"
"228",52436,"BAL",53,377,0.141,0.139,0.001,"Patrick Queen","ILB"
"229",52852,"CAR",49,398,0.123,0.122,0.001,"Myles Hartsfield","FS"
"230",42543,"SEA",39,428,0.091,0.091,0,"Quandre Diggs","FS"
"231",43378,"PHI",20,216,0.093,0.092,0,"Javon Hargrave","DT"
"232",47882,"TB",52,372,0.14,0.14,0,"Mike Edwards","FS"
"233",47888,"PHI",41,333,0.123,0.124,0,"Chauncey Gardner-Johnson","SS"
"234",52431,"LAC",37,241,0.154,0.154,0,"Kenneth Murray","ILB"
"235",52571,"CHI",29,317,0.091,0.092,0,"Kindle Vildor","CB"
"236",52627,"BAL",23,182,0.126,0.127,0,"Geno Stone","SS"
"237",40166,"BUF",21,211,0.1,0.101,-0.001,"Jordan Poyer","SS"
"238",41239,"LA",29,314,0.092,0.093,-0.001,"Aaron Donald","DT"
"239",43298,"LA",31,290,0.107,0.108,-0.001,"Leonard Floyd","DE"
"240",44926,"JAX",52,411,0.127,0.128,-0.001,"Rayshawn Jenkins","SS"
"241",44968,"LV",22,145,0.152,0.153,-0.001,"Jayon Brown","OLB"
"242",46194,"PHI",25,210,0.119,0.12,-0.001,"Avonte Maddox","CB"
"243",47941,"SEA",37,391,0.095,0.096,-0.001,"Michael Jackson","CB"
"244",54492,"JAX",66,403,0.164,0.164,-0.001,"Devin Lloyd","ILB"
"245",54514,"NO",12,136,0.088,0.089,-0.001,"Alontae Taylor","CB"
"246",54580,"DEN",27,218,0.124,0.125,-0.001,"Damarri Mathis","CB"
"247",42935,"LAC",22,205,0.107,0.109,-0.002,"Bryce Callahan","CB"
"248",43332,"LAC",20,202,0.099,0.101,-0.002,"Austin Johnson","NT"
"249",46354,"SF",19,172,0.11,0.113,-0.002,"Emmanuel Moseley","CB"
"250",54525,"CIN",10,109,0.092,0.094,-0.002,"Cam Taylor-Britt","CB"
"251",33131,"BAL",18,237,0.076,0.079,-0.003,"Calais Campbell","DE"
"252",38588,"TB",60,414,0.145,0.148,-0.003,"Lavonte David","ILB"
"253",43478,"DAL",34,384,0.089,0.091,-0.003,"Anthony Brown","CB"
"254",46186,"NYJ",46,416,0.111,0.114,-0.003,"Jordan Whitehead","SS"
"255",47899,"TEN",22,182,0.121,0.124,-0.003,"Amani Hooker","FS"
"256",54625,"LAC",12,105,0.114,0.117,-0.003,"Otito Ogbonnia","DT"
"257",54677,"LA",25,247,0.101,0.104,-0.003,"Derion Kendrick","CB"
"258",37778,"BAL",28,197,0.142,0.146,-0.004,"Josh Bynes","ILB"
"259",38843,"IND",38,343,0.111,0.115,-0.004,"Rodney McLeod","FS"
"260",42346,"DAL",10,119,0.084,0.088,-0.004,"Dante Fowler","OLB"
"261",42421,"NO",11,105,0.105,0.109,-0.004,"P.J. Williams","CB"
"262",43373,"WAS",32,380,0.084,0.088,-0.004,"Kendall Fuller","CB"
"263",43522,"NE",25,240,0.104,0.108,-0.004,"Jalen Mills","CB"
"264",44944,"NE",27,314,0.086,0.09,-0.004,"Deatrich Wise","DE"
"265",46148,"HOU",17,185,0.092,0.096,-0.004,"Rasheem Green","DE"
"266",47984,"KC",23,215,0.107,0.111,-0.004,"Rashad Fenton","CB"
"267",48032,"ARI",12,122,0.098,0.102,-0.004,"Michael Dogbe","DE"
"268",48476,"MIA",21,209,0.1,0.104,-0.004,"Nik Needham","CB"
"269",54562,"DET",25,220,0.114,0.117,-0.004,"Kerby Joseph","SS"
"270",54618,"SEA",29,417,0.07,0.073,-0.004,"Tariq Woolen","CB"
"271",41336,"NYG",12,129,0.093,0.098,-0.005,"Justin Ellis","DT"
"272",42030,"DEN",29,253,0.115,0.119,-0.005,"K'Waun Williams","CB"
"273",46124,"CAR",30,277,0.108,0.114,-0.005,"Donte Jackson","CB"
"274",47792,"BUF",9,102,0.088,0.094,-0.005,"Ed Oliver","DT"
"275",47795,"GB",24,269,0.089,0.095,-0.005,"Rashan Gary","OLB"
"276",47854,"DEN",25,291,0.086,0.091,-0.005,"Dre'Mont Jones","DE"
"277",52416,"ARI",40,299,0.134,0.139,-0.005,"Isaiah Simmons","DB"
"278",52479,"BAL",19,235,0.081,0.086,-0.005,"Justin Madubuike","DT"
"279",53460,"BAL",24,289,0.083,0.088,-0.005,"Odafe Oweh","OLB"
"280",42441,"HOU",32,371,0.086,0.092,-0.006,"Steven Nelson","CB"
"281",44877,"PIT",18,205,0.088,0.094,-0.006,"Larry Ogunjobi","DT"
"282",47800,"NYG",24,283,0.085,0.091,-0.006,"Dexter Lawrence","DT"
"283",52444,"NYG",38,341,0.111,0.117,-0.006,"Xavier McKinney","FS"
"284",52522,"ARI",18,183,0.098,0.105,-0.006,"Leki Fotu","DT"
"285",53459,"BUF",14,187,0.075,0.081,-0.006,"Gregory Rousseau","DE"
"286",54466,"JAX",30,347,0.086,0.093,-0.006,"Travon Walker","OLB"
"287",40074,"TB",23,201,0.114,0.122,-0.007,"William Gholston","DE"
"288",42470,"CAR",26,154,0.169,0.176,-0.007,"Damien Wilson","MLB"
"289",43700,"NE",21,269,0.078,0.085,-0.007,"Jonathan Jones","CB"
"290",44903,"CLE",38,342,0.111,0.118,-0.007,"John Johnson","FS"
"291",46081,"TB",20,257,0.078,0.085,-0.007,"Vita Vea","NT"
"292",46082,"WAS",30,329,0.091,0.098,-0.007,"Daron Payne","DT"
"293",52495,"NE",13,128,0.102,0.108,-0.007,"Anfernee Jennings","OLB"
"294",53437,"CAR",26,337,0.077,0.084,-0.007,"Jaycee Horn","CB"
"295",53565,"ARI",36,394,0.091,0.098,-0.007,"Marco Wilson","CB"
"296",54526,"SF",8,102,0.078,0.086,-0.007,"Drake Jackson","DE"
"297",37078,"MIN",29,387,0.075,0.083,-0.008,"Patrick Peterson","CB"
"298",39984,"PHI",24,300,0.08,0.088,-0.008,"Darius Slay","CB"
"299",43333,"NYG",22,240,0.092,0.1,-0.008,"Jihad Ward","OLB"
"300",43435,"NE",22,270,0.081,0.089,-0.008,"Matt Judon","OLB"
"301",44834,"DET",12,162,0.074,0.082,-0.008,"Charles Harris","OLB"
"302",46142,"MIA",49,403,0.122,0.129,-0.008,"Jerome Baker","ILB"
"303",46229,"HOU",11,125,0.088,0.096,-0.008,"Ogbonnia Okoronkwo","DE"
"304",46249,"JAX",15,157,0.096,0.103,-0.008,"Folorunso Fatukasi","DT"
"305",54622,"TB",10,108,0.093,0.101,-0.008,"Zyon McCollum","CB"
"306",40017,"NO",40,397,0.101,0.11,-0.009,"Tyrann Mathieu","FS"
"307",41227,"CLE",10,128,0.078,0.087,-0.009,"Jadeveon Clowney","DE"
"308",41270,"NYJ",34,420,0.081,0.09,-0.009,"Lamarcus Joyner","SS"
"309",43301,"NYJ",21,226,0.093,0.101,-0.009,"Sheldon Rankins","DT"
"310",44873,"SEA",24,229,0.105,0.114,-0.009,"Josh Jones","FS"
"311",47786,"NYJ",24,275,0.087,0.097,-0.009,"Quinnen Williams","NT"
"312",47826,"NE",29,221,0.131,0.14,-0.009,"Jahlani Tavai","ILB"
"313",53073,"TEN",14,168,0.083,0.092,-0.009,"Teair Tart","DT"
"314",53642,"WAS",13,126,0.103,0.112,-0.009,"Rachad Wildgoose","CB"
"315",54708,"KC",28,254,0.11,0.119,-0.009,"Jaylen Watson","CB"
"316",38540,"IND",31,411,0.075,0.085,-0.01,"Stephon Gilmore","CB"
"317",41363,"BAL",9,98,0.092,0.102,-0.01,"Brent Urban","DE"
"318",42393,"DEN",14,190,0.074,0.083,-0.01,"Ronald Darby","CB"
"319",43308,"BUF",9,114,0.079,0.089,-0.01,"Shaq Lawson","DE"
"320",46097,"PIT",31,319,0.097,0.108,-0.01,"Terrell Edmunds","SS"
"321",46165,"MIN",20,247,0.081,0.091,-0.01,"Harrison Phillips","DT"
"322",47799,"CAR",31,382,0.081,0.091,-0.01,"Brian Burns","OLB"
"323",48462,"TEN",9,97,0.093,0.102,-0.01,"Kevin Strong","DE"
"324",52464,"MIA",19,233,0.082,0.091,-0.01,"Raekwon Davis","NT"
"325",53438,"DEN",26,363,0.072,0.082,-0.01,"Patrick Surtain","CB"
"326",53583,"NYJ",29,257,0.113,0.123,-0.01,"Michael Carter","CB"
"327",53618,"PHI",10,135,0.074,0.084,-0.01,"Marlon Tuipulotu","DT"
"328",54543,"CLE",14,176,0.08,0.089,-0.01,"Alex Wright","DE"
"329",40171,"NYG",16,166,0.096,0.107,-0.011,"Nicholas Williams","DT"
"330",42403,"DEN",8,103,0.078,0.089,-0.011,"Randy Gregory","DE"
"331",43387,"DEN",23,202,0.114,0.124,-0.011,"Justin Simmons","FS"
"332",43797,"CAR",26,181,0.144,0.154,-0.011,"Cory Littleton","OLB"
"333",44906,"PIT",20,290,0.069,0.08,-0.011,"Cameron Sutton","CB"
"334",46087,"GB",23,305,0.075,0.086,-0.011,"Jaire Alexander","CB"
"335",46307,"MIA",29,313,0.093,0.103,-0.011,"Zach Sieler","DT"
"336",47809,"WAS",24,269,0.089,0.1,-0.011,"Montez Sweat","DE"
"337",52472,"CAR",19,160,0.119,0.13,-0.011,"Jeremy Chinn","FS"
"338",52637,"WAS",16,207,0.077,0.088,-0.011,"James Smith-Williams","DE"
"339",53503,"WAS",30,341,0.088,0.099,-0.011,"Benjamin St-Juste","CB"
"340",53533,"BAL",15,143,0.105,0.116,-0.011,"Brandon Stephens","FS"
"341",39997,"LV",9,93,0.097,0.109,-0.012,"Johnathan Hankins","NT"
"342",42381,"GB",25,306,0.082,0.093,-0.012,"Preston Smith","OLB"
"343",45345,"CHI",59,408,0.145,0.156,-0.012,"Nicholas Morrow","OLB"
"344",46144,"KC",14,157,0.089,0.101,-0.012,"Derrick Nnadi","DT"
"345",48027,"NO",15,123,0.122,0.133,-0.012,"Kaden Elliss","OLB"
"346",48770,"LA",11,104,0.106,0.118,-0.012,"Marquise Copeland","DT"
"347",52424,"ATL",28,273,0.103,0.115,-0.012,"A.J. Terrell","CB"
"348",52438,"MIA",9,129,0.07,0.082,-0.012,"Noah Igbinoghene","CB"
"349",52510,"PIT",23,332,0.069,0.082,-0.012,"Alex Highsmith","OLB"
"350",52585,"KC",7,94,0.074,0.087,-0.012,"Michael Danna","DE"
"351",53472,"LV",19,236,0.081,0.093,-0.012,"Trevon Moehrig","FS"
"352",53554,"MIN",34,387,0.088,0.099,-0.012,"Camryn Bynum","FS"
"353",54504,"CHI",45,404,0.111,0.124,-0.012,"Kyler Gordon","CB"
"354",54505,"SEA",21,181,0.116,0.128,-0.012,"Boye Mafe","OLB"
"355",54560,"CIN",18,189,0.095,0.107,-0.012,"Zach Carter","DT"
"356",37145,"BAL",4,111,0.036,0.049,-0.013,"Justin Houston","OLB"
"357",41231,"LAC",20,288,0.069,0.083,-0.013,"Khalil Mack","OLB"
"358",42480,"ATL",25,351,0.071,0.084,-0.013,"Grady Jarrett","DT"
"359",43361,"MIN",11,149,0.074,0.087,-0.013,"Jonathan Bullard","DE"
"360",44867,"MIN",16,222,0.072,0.085,-0.013,"Dalvin Tomlinson","DT"
"361",46123,"CIN",37,386,0.096,0.109,-0.013,"Jessie Bates","FS"
"362",46137,"KC",35,348,0.101,0.114,-0.013,"Justin Reid","SS"
"363",46902,"PIT",23,163,0.141,0.154,-0.013,"Robert Spillane","ILB"
"364",47843,"LAC",29,308,0.094,0.107,-0.013,"Nasir Adderley","FS"
"365",48544,"NO",21,227,0.093,0.106,-0.013,"Shy Tuttle","DT"
"366",52641,"WAS",11,122,0.09,0.103,-0.013,"Casey Toohill","DE"
"367",52663,"NYG",36,275,0.131,0.144,-0.013,"Tae Crowder","ILB"
"368",54644,"GB",9,113,0.08,0.093,-0.013,"Kingsley Enagbare","OLB"
"369",35493,"KC",13,161,0.081,0.095,-0.014,"Carlos Dunlap","OLB"
"370",41341,"BUF",16,221,0.072,0.086,-0.014,"DaQuan Jones","DT"
"371",47785,"SF",12,188,0.064,0.078,-0.014,"Nick Bosa","DE"
"372",47816,"ARI",35,432,0.081,0.095,-0.014,"Byron Murphy","CB"
"373",53602,"GB",13,131,0.099,0.114,-0.014,"Tedarrell Slaton","DT"
"374",54650,"BUF",10,141,0.071,0.085,-0.014,"Christian Benford","CB"
"375",41235,"DAL",31,242,0.128,0.143,-0.015,"Anthony Barr","OLB"
"376",41269,"LAC",20,228,0.088,0.103,-0.015,"Kyle Van Noy","OLB"
"377",42465,"MIN",15,270,0.056,0.071,-0.015,"Za'Darius Smith","OLB"
"378",44823,"NO",16,209,0.077,0.092,-0.015,"Marshon Lattimore","CB"
"379",44976,"BUF",37,287,0.129,0.144,-0.015,"Matt Milano","OLB"
"380",46521,"ARI",22,157,0.14,0.155,-0.015,"Ben Niemann","ILB"
"381",52446,"CAR",28,318,0.088,0.103,-0.015,"Yetur Gross-Matos","OLB"
"382",53448,"WAS",43,302,0.142,0.158,-0.015,"Jamin Davis","OLB"
"383",54948,"CAR",9,106,0.085,0.1,-0.015,"Marquan McCall","NT"
"384",40031,"TB",9,96,0.094,0.11,-0.016,"Logan Ryan","FS"
"385",43327,"MIA",24,354,0.068,0.084,-0.016,"Xavien Howard","CB"
"386",44829,"WAS",26,313,0.083,0.099,-0.016,"Jonathan Allen","DT"
"387",44863,"TEN",9,106,0.085,0.101,-0.016,"DeMarcus Walker","DE"
"388",45287,"IND",41,415,0.099,0.115,-0.016,"Kenny Moore","CB"
"389",47802,"TEN",22,289,0.076,0.092,-0.016,"Jeffery Simmons","DT"
"390",47878,"NYG",11,127,0.087,0.103,-0.016,"Oshane Ximines","OLB"
"391",48089,"PIT",17,213,0.08,0.096,-0.016,"Malik Reed","OLB"
"392",52525,"MIN",13,156,0.083,0.099,-0.016,"D.J. Wonnum","OLB"
"393",53441,"DAL",28,317,0.088,0.104,-0.016,"Micah Parsons","OLB"
"394",54503,"ATL",18,253,0.071,0.088,-0.016,"Arnold Ebiketie","OLB"
"395",43351,"PHI",23,347,0.066,0.083,-0.017,"James Bradberry","CB"
"396",44828,"BAL",30,382,0.079,0.095,-0.017,"Marlon Humphrey","CB"
"397",46074,"DEN",21,269,0.078,0.095,-0.017,"Bradley Chubb","OLB"
"398",53458,"GB",24,346,0.069,0.087,-0.017,"Eric Stokes","CB"
"399",54495,"KC",16,252,0.063,0.08,-0.017,"George Karlaftis","DE"
"400",41257,"NO",19,242,0.079,0.097,-0.018,"Bradley Roby","CB"
"401",46652,"MIN",27,313,0.086,0.105,-0.018,"Chandon Sullivan","CB"
"402",42443,"CHI",15,209,0.072,0.091,-0.019,"Angelo Blackson","DT"
"403",43356,"HOU",12,143,0.084,0.103,-0.019,"Maliek Collins","DT"
"404",48026,"LA",34,345,0.099,0.118,-0.019,"Nick Scott","SS"
"405",53502,"PHI",9,136,0.066,0.086,-0.019,"Milton Williams","DT"
"406",54470,"NYG",12,193,0.062,0.081,-0.019,"Kayvon Thibodeaux","OLB"
"407",38542,"PHI",16,215,0.074,0.095,-0.02,"Fletcher Cox","DT"
"408",38868,"SF",27,310,0.087,0.107,-0.02,"Tashaun Gipson","FS"
"409",44815,"NYJ",12,147,0.082,0.102,-0.02,"Solomon Thomas","DT"
"410",45226,"CIN",11,136,0.081,0.1,-0.02,"Josh Tupou","NT"
"411",46083,"NO",17,222,0.077,0.096,-0.02,"Marcus Davenport","DE"
"412",46141,"NYJ",11,137,0.08,0.1,-0.02,"Nathan Shepherd","DT"
"413",46156,"JAX",7,129,0.054,0.074,-0.02,"Arden Key","OLB"
"414",52459,"DAL",26,378,0.069,0.089,-0.02,"Trevon Diggs","CB"
"415",53447,"MIA",26,315,0.083,0.102,-0.02,"Jaelan Phillips","OLB"
"416",53476,"LAC",28,350,0.08,0.1,-0.02,"Asante Samuel","CB"
"417",53537,"ATL",16,230,0.07,0.089,-0.02,"Darren Hall","CB"
"418",38548,"MIA",13,203,0.064,0.085,-0.021,"Melvin Ingram","OLB"
"419",46312,"MIA",8,93,0.086,0.107,-0.021,"Keion Crossen","CB"
"420",46387,"LV",9,128,0.07,0.092,-0.021,"Kendal Vickers","DT"
"421",46711,"SEA",30,258,0.116,0.137,-0.021,"Ryan Neal","SS"
"422",47846,"KC",31,354,0.088,0.108,-0.021,"Juan Thornhill","FS"
"423",52563,"CHI",13,196,0.066,0.087,-0.021,"Trevis Gipson","OLB"
"424",53611,"ATL",16,204,0.078,0.1,-0.021,"Adetokunbo Ogundeji","OLB"
"425",54511,"DET",7,122,0.057,0.078,-0.021,"Josh Paschal","DT"
"426",38607,"NO",43,397,0.108,0.13,-0.022,"Demario Davis","MLB"
"427",42378,"TEN",4,105,0.038,0.06,-0.022,"Mario Edwards","DT"
"428",42560,"TB",17,216,0.079,0.101,-0.022,"Rakeem Nunez-Roches","NT"
"429",46187,"LV",13,170,0.076,0.098,-0.022,"Anthony Averett","CB"
"430",46456,"JAX",25,302,0.083,0.105,-0.022,"Darious Williams","CB"
"431",42361,"BAL",23,318,0.072,0.096,-0.023,"Marcus Peters","CB"
"432",42395,"BUF",8,121,0.066,0.09,-0.023,"Jordan Phillips","DE"
"433",42406,"KC",12,221,0.054,0.077,-0.023,"Frank Clark","DE"
"434",44915,"CIN",16,268,0.06,0.083,-0.023,"Trey Hendrickson","DE"
"435",53455,"CLE",21,332,0.063,0.087,-0.023,"Greg Newsome","CB"
"436",53639,"ARI",12,143,0.084,0.107,-0.023,"Victor Dimukeje","OLB"
"437",46135,"ATL",24,381,0.063,0.087,-0.024,"Lorenzo Carter","OLB"
"438",46204,"NYJ",15,239,0.063,0.086,-0.024,"John Franklin-Myers","DE"
"439",46771,"ATL",10,123,0.081,0.105,-0.024,"Abdullah Anderson","DE"
"440",46775,"LAC",14,167,0.084,0.107,-0.024,"J.C. Jackson","CB"
"441",47890,"TB",11,150,0.073,0.097,-0.024,"Anthony Nelson","OLB"
"442",53504,"DAL",17,231,0.074,0.097,-0.024,"Osa Odighizuwa","DT"
"443",38592,"ATL",16,253,0.063,0.088,-0.025,"Casey Hayward","CB"
"444",43791,"LAC",8,151,0.053,0.078,-0.025,"Morgan Fox","DE"
"445",46205,"CAR",13,184,0.071,0.096,-0.025,"Marquis Haynes","OLB"
"446",46729,"IND",10,163,0.061,0.087,-0.025,"Brandon Facyson","CB"
"447",47804,"GB",30,381,0.079,0.104,-0.025,"Darnell Savage","SS"
"448",52538,"MIN",8,102,0.078,0.103,-0.025,"James Lynch","NT"
"449",52792,"KC",7,98,0.071,0.096,-0.025,"Tershawn Wharton","DT"
"450",53498,"CIN",6,109,0.055,0.08,-0.025,"Joseph Ossai","DE"
"451",54498,"TB",6,143,0.042,0.067,-0.025,"Logan Hall","DE"
"452",42331,"WAS",12,147,0.082,0.107,-0.026,"Efe Obada","DE"
"453",43411,"LV",18,216,0.083,0.109,-0.026,"Andrew Billings","DT"
"454",44813,"CLE",11,247,0.045,0.071,-0.026,"Myles Garrett","DE"
"455",45009,"CHI",18,268,0.067,0.093,-0.026,"Al-Quadin Muhammad","DE"
"456",46153,"CHI",20,270,0.074,0.1,-0.026,"Justin Jones","DT"
"457",47975,"DET",16,267,0.06,0.086,-0.026,"Isaiah Buggs","DT"
"458",52458,"CHI",14,256,0.055,0.08,-0.026,"Jaylon Johnson","CB"
"459",52492,"LA",11,170,0.065,0.091,-0.026,"Terrell Lewis","OLB"
"460",43441,"CAR",18,305,0.059,0.086,-0.027,"Matt Ioannidis","DT"
"461",47787,"LV",8,156,0.051,0.079,-0.027,"Clelin Ferrell","DE"
"462",52490,"DAL",10,131,0.076,0.104,-0.027,"Neville Gallimore","DT"
"463",53461,"TB",18,291,0.062,0.088,-0.027,"Joe Tryon","OLB"
"464",53534,"DEN",10,171,0.058,0.086,-0.027,"Baron Browning","ILB"
"465",37075,"BUF",9,224,0.04,0.069,-0.028,"Von Miller","OLB"
"466",43352,"JAX",8,112,0.071,0.1,-0.028,"Adam Gotsis","DE"
"467",46133,"IND",12,192,0.062,0.09,-0.028,"Tyquan Lewis","DE"
"468",46214,"LV",16,264,0.061,0.089,-0.028,"Bilal Nichols","DT"
"469",53601,"SF",25,228,0.11,0.138,-0.028,"Deommodore Lenoir","CB"
"470",54541,"BAL",9,117,0.077,0.105,-0.028,"Travis Jones","DT"
"471",38551,"LV",16,309,0.052,0.081,-0.029,"Chandler Jones","DE"
"472",42826,"DEN",12,199,0.06,0.089,-0.029,"DeShawn Williams","DT"
"473",43321,"MIA",10,220,0.045,0.075,-0.029,"Emmanuel Ogbah","DE"
"474",43350,"CIN",37,389,0.095,0.124,-0.029,"Vonn Bell","SS"
"475",44929,"NYJ",10,249,0.04,0.069,-0.029,"Carl Lawson","DE"
"476",52518,"NYG",16,184,0.087,0.116,-0.029,"Darnay Holmes","CB"
"477",42031,"TEN",10,239,0.042,0.072,-0.03,"Denico Autry","DE"
"478",43436,"SEA",12,223,0.054,0.084,-0.03,"Quinton Jefferson","DE"
"479",52498,"HOU",6,112,0.054,0.083,-0.03,"Jonathan Greenard","DE"
"480",54639,"CHI",10,144,0.069,0.099,-0.03,"Dominique Robinson","DE"
"481",35449,"PIT",8,128,0.062,0.093,-0.031,"Tyson Alualu","NT"
"482",44825,"PHI",14,237,0.059,0.09,-0.031,"Haason Reddick","OLB"
"483",45033,"IND",5,100,0.05,0.081,-0.031,"Ifeadi Odenigbo","DE"
"484",47944,"SF",8,161,0.05,0.08,-0.031,"Charles Omenihu","DE"
"485",55173,"ATL",9,129,0.07,0.101,-0.031,"Timmy Horne","DT"
"486",37084,"ARI",11,287,0.038,0.07,-0.032,"J.J. Watt","DE"
"487",41595,"CHI",11,131,0.084,0.116,-0.032,"Mike Pennel","NT"
"488",46197,"NO",11,182,0.06,0.093,-0.032,"Kentavius Street","DT"
"489",46487,"SEA",16,247,0.065,0.097,-0.032,"Poona Ford","DE"
"490",47900,"DET",5,90,0.056,0.087,-0.032,"Austin Bryant","OLB"
"491",46698,"PIT",15,202,0.074,0.108,-0.033,"Levi Wallace","CB"
"492",47790,"JAX",20,333,0.06,0.093,-0.033,"Josh Allen","OLB"
"493",53490,"BUF",7,108,0.065,0.098,-0.033,"Carlos Basham","DE"
"494",53621,"DAL",9,127,0.071,0.104,-0.033,"Quinton Bohanna","DT"
"495",54568,"KC",10,103,0.097,0.13,-0.033,"Leo Chenal","OLB"
"496",46232,"BUF",6,145,0.041,0.075,-0.034,"Tim Settle","DT"
"497",53483,"IND",8,129,0.062,0.097,-0.035,"Dayo Odeyingbo","DE"
"498",53624,"HOU",11,188,0.059,0.094,-0.035,"Roy Lopez","DT"
"499",42365,"TEN",5,138,0.036,0.072,-0.036,"Bud Dupree","OLB"
"500",46255,"NYJ",5,97,0.052,0.087,-0.036,"Jake Martin","DE"
"501",47917,"LA",14,275,0.051,0.087,-0.036,"Greg Gaines","NT"
"502",48123,"SF",10,158,0.063,0.099,-0.036,"Kevin Givens","DT"
"503",52743,"DET",4,96,0.042,0.078,-0.036,"Benito Jones","DT"
"504",53564,"TEN",7,212,0.033,0.069,-0.036,"Rashad Weaver","OLB"
"505",46185,"DAL",11,183,0.06,0.098,-0.038,"Dorance Armstrong","DE"
"506",54529,"DEN",5,92,0.054,0.092,-0.038,"Nik Bonitto","OLB"
"507",43358,"IND",11,286,0.038,0.077,-0.039,"Yannick Ngakoue","DE"
"508",43409,"NO",12,242,0.05,0.089,-0.039,"David Onyemata","DT"
"509",45008,"ARI",13,111,0.117,0.156,-0.039,"Tanner Vallejo","ILB"
"510",47841,"DAL",7,105,0.067,0.106,-0.039,"Trysten Hill","DT"
"511",53540,"CIN",7,130,0.054,0.093,-0.039,"Cam Sample","DE"
"512",43299,"CIN",20,298,0.067,0.107,-0.04,"Eli Apple","CB"
"513",46098,"CLE",11,202,0.054,0.095,-0.04,"Taven Bryan","DT"
"514",42901,"ATL",8,102,0.078,0.12,-0.041,"Dean Marlowe","SS"
"515",43326,"KC",10,299,0.033,0.074,-0.041,"Chris Jones","DT"
"516",54467,"DET",13,321,0.04,0.081,-0.041,"Aidan Hutchinson","DE"
"517",35454,"BAL",6,163,0.037,0.079,-0.042,"Jason Pierre-Paul","DE"
"518",44880,"JAX",5,133,0.038,0.079,-0.042,"Dawuane Smoot","DE"
"519",52456,"SEA",9,194,0.046,0.088,-0.042,"Darrell Taylor","OLB"
"520",52547,"LV",13,199,0.065,0.107,-0.042,"Amik Robertson","CB"
"521",35470,"HOU",11,226,0.049,0.091,-0.043,"Jerry Hughes","DE"
"522",47811,"LAC",7,140,0.05,0.093,-0.043,"Jerry Tillery","DT"
"523",53547,"LAC",5,102,0.049,0.092,-0.043,"Chris Rumph","OLB"
"524",41786,"SF",5,107,0.047,0.091,-0.044,"Kerry Hyder","DE"
"525",54643,"WAS",7,100,0.07,0.114,-0.044,"John Ridgeway","DT"
"526",53501,"DET",11,281,0.039,0.084,-0.045,"Alim McNeill","NT"
"527",52496,"CLE",12,247,0.049,0.095,-0.046,"Jordan Elliott","DT"
"528",54573,"CLE",5,91,0.055,0.101,-0.046,"Perrion Winfrey","DT"
"529",47942,"IND",5,91,0.055,0.102,-0.047,"Byron Cowart","DT"
"530",37841,"HOU",3,91,0.033,0.081,-0.048,"Mario Addison","DE"
"531",42433,"NE",5,101,0.05,0.097,-0.048,"Carl Davis","NT"
"532",55045,"HOU",7,149,0.047,0.096,-0.049,"Kurt Hinish","DT"
"533",54540,"HOU",13,123,0.106,0.155,-0.05,"Christian Harris","ILB"
"534",53561,"CLE",6,119,0.05,0.102,-0.052,"Tommy Togiai","DT"
"535",52493,"IND",7,164,0.043,0.095,-0.053,"Julian Blackmon","FS"
"536",53513,"DAL",5,99,0.051,0.106,-0.056,"Chauncey Golston","DE"
"537",37087,"CHI",4,220,0.018,0.075,-0.057,"Robert Quinn","OLB"
"538",52462,"BUF",2,119,0.017,0.08,-0.063,"A.J. Epenesa","DE"
